"je sais qu’on a tant de choses à se dire","I know there was so much to say","","","","",""
"je","I","I","je, moi","iode, je ne sais pas, je vous en prie, je suis désolé, je regrette, je pense que, je vous en pris, si je pouvais, je crois que oui, je vais mieux, je me sens mieux","Pronom personnel masculin et féminin de la première personne du singulier, qui est toujours sujet du verbe.<br />","Je fais de la bicyclette, je lis .<br />"
"sais","know","know, see, realize, be aware, figure out, sort out, ken","savoir, connaître, faire savoir, reconnaître, souffrir, se présenter, voir, découvrir, savoir, visiter, regarder, apercevoir, réaliser, comprendre, savoir, prendre conscience, se rendre compte de, penser, savoir, savoir, résoudre, décider, arriver à comprendre, bien calculer, savoir, ranger, comprendre, savoir, connaître, concevoir, saisir","connaître, baiser, croire, éprouver, piéger, connaître, baiser, aimer, faire l'amour, foutre, niquer, enconner, avoir, fourrer, connaître, enculer, croire, connaître, homologuer, reconnaître, éprouver, vivre, connaître, demeurer, piéger, savoir faire, à savoir, savoir-faire, savoir-vivre, faire savoir, à savoir que, bon à savoir, savoir vivre, il est important de savoir","Avoir la connaissance de, posséder une science ou un art.<br />Pouvoir, avoir la possibilité de.<br />Être apte à, avoir le talent, la force de faire quelque chose.<br />Connaître l’existence de.<br />Connaître sa situation.<br />Être su.<br />","Elle sait répartir les tâches, tu sais écouter .<br />Il sait une petite clairière dans la forêt .<br />Elle sait lire et compter .<br />Je saurai terminer ce long travail .<br />"
"qu'on","that","","","","",""
"a","to","","","bourreau de travail, à, avoir","Première lettre de l’alphabet.<br />","Tracer un a minuscule et des a majuscules .<br />"
"tant","so","so such","tant","durement, cruellement, mal, aussi, puisque, même, également, quand, que, comme, tant pis, tant que, en tant que, tant mieux, tant de, en tant que tel, tant bien que mal, tant de fois, tant que ça, en tant que personne","Tellement, en si grande quantité.<br />Tant de + nom au pluriel. Une telle quantité de.<br />","Alain a tant de livres qu’il a acheté un appartement pour les y ranger .<br />Tant de pommes sont tombées au cours de l’orage que nous n’avons pu toutes les ramasser .<br />"
"de","from","of, to, from, by, with, than, at, out of, off","de, en, pour, à, de, pour, vers, sur, en, de, à partir de, depuis, dès, de la part de, d'après, par, de, selon, à, près de, suivant, avec, à, de, sur, que, de, à, de, sur, en, vers, à propos de, de, hors de, par, en dehors de, de","dé, de rien, de plus, tout de suite, à partir de, au lieu de, pomme de terre, en fonction de, maillot de bain, à cause de, de plus en plus","• La préposition introduit un complément du nom en marquant :.<br />La possession.<br />L’origine.<br />Le temps.<br />La cause.<br />Le moyen.<br />La matière.<br />Le genre.<br />• La préposition introduit un complément du verbe en marquant :.<br />Le lieu.<br />Le temps.<br />La cause.<br />Le moyen, l’instrument.<br />Élision de la préposition.<br />De + adjectif.<br />L’article de s’emploie devant des noms de choses qui ne peuvent se compter, devant un nom abstrait.<br />","La fille de (et non *à) mon amie .<br />Du sirop d’érable, du fromage de chèvre .<br />Le train de nuit .<br />Un vent d’orage, des frissons d’inquiétude .<br />Un air de piano, un coup de baguette magique .<br />Une colonne de bois, un toit de chaume .<br />Un roman d’aventures, un film de science-fiction .<br />Venir de Trois-Rivières .<br />Ils vont à l’école de 8&nbsp;h&nbsp;30 à 15&nbsp;h&nbsp;30 .<br />Les enfants sautent de joie : c’est la récréation!<br />Se servir d’un pinceau, d’une règle .<br />Il est tombé de la neige .<br />"
"choses","things","things","choses, affaires, biens, outils","chose, arranger les choses, entre autres choses, peu de choses, faire traîner les choses","",""
"à","to","to, in, at, with, by, upon","à, de, pour, vers, sur, en, dans, en, à, chez, dedans, au bout de, à, de, sur, en, vers, à propos de, avec, à, de, sur, par, de, selon, à, près de, suivant, sur, à","jusqu'à, à partir de, grâce à, à travers, à part, à cause de, à côté, à propos, par rapport à, à peu près","La préposition introduit un complément indirect.<br />La préposition marque :.<br />La préposition marque le prix.<br />","Alain participera à la fête .<br />Un blouson à 100 $ .<br />"
"se","himself","themselves, himself, herself","se, eux-mêmes, elles-mêmes, se, sa personne, lui-même, se, elle, elle-même","se lever, se reposer, se tromper, se promener, se coucher, se plaindre, se moquer, se battre, se taire, se souvenir","Pronom personnel réfléchi masculin et féminin de la troisième personne du singulier et du pluriel employé comme complément direct, comme complément indirect.<br />","Elle se lave .<br />"
"dire","say","say, tell, speak, talk, state, express, mention, put, admit, bid","dire, parler, indiquer, prononcer, déclarer, prétendre, dire, raconter, informer, parler, révéler, narrer, parler, dire, prendre la parole, répondre, demander, parler, discuter, dire, bavarder, discourir, rapporter, dire, déclarer, exposer, spécifier, formuler, nommer, exprimer, dire, formuler, manifester, énoncer, extraire, mentionner, citer, dire, signaler, faire mention, mettre, placer, poser, présenter, dire, soumettre, admettre, avouer, reconnaître, dire, convenir, laisser entrer, demander, faire une offre, dire, inviter, ordonner, enjoindre","passer, supposer, communiquer, divulguer, déclarer, articuler, garantir, contenter, vouloir dire, appartenir à, enjoindre, soutenir, négliger, narrer, prouver, lire, proclamer, passer, partir, faire, départir, disparaître, aller, devenir, supposer, communiquer, divulguer, révéler, exposer, passer, faire, aller, déclarer, affirmer, alléguer, accuser, articuler, prononcer, passer, partir, faire, aller, devenir, garantir, assurer, déclarer, affirmer, contenter, indiquer, remarquer, commenter, apercevoir, montrer, passer, fonctionner, partir, faire, courir, aller, devenir, marcher, vouloir dire, entraîner, supposer, entendre, signifier, appartenir à, passer, faire, appartenir, aller, devenir, enjoindre, soutenir, cohabiter, passer, vivre, partir, faire, survivre, tenir le coup, traverser, hier, accommoder, résider, continuer, demeurer, aller, devenir, durer, négliger, passer, sortir avec, distribuer, partir, faire, mourir, tomber en panne, faillir, aller, devenir, abandonner, narrer, rapporter, conter, raconter, passer, partir, faire, procéder, aller, devenir, prouver, démontrer, témoigner, montrer, lire, être debout, évoquer, prononcer, relire, admettre, penser, proclamer, afficher, déclarer, affirmer, décréter, prononcer, annoncer, parole, bouche, moyen, demande, accent, répétition, parole, terme, mot, bouche, muet, moyen, moyenne, demande, revendication, accent, répétition, c'est-à-dire, vouloir dire, à vrai dire, pour ainsi dire, sans rien dire, dire bonjour, dire au revoir, se dire, cela va sans dire, dire merci","Exprimer par la parole.<br />Inviter à, demander.<br />Penser.<br />Prétendre.<br />Se déclarer.<br />Être employé, en parlant d’un mot, d’une expression.<br />Ce qu’une personne avance, déclare, rapporte.<br />","Je vous dis merci .<br />Elle me dit de venir .<br />Ils se sont dits heureux de ce dénouement .<br />Le mot aborigène se dit de la personne dont les ancêtres ont toujours habité le pays où elle vit .<br />Les dires des experts sont parfois contradictoires .<br />"
"et tes histoires seront bientôt usées","and your stories will soon waste","","","","",""
"et","and","and","et, aussi","et alors, aller et retour, et moi aussi, et puis, sain et sauf, nom et prénom, et caetera, et cetera, jour et nuit, vingt et un","La conjonction de coordination ou coordonnant unit des propositions indépendantes affirmatives.<br />La conjonction de coordination ou coordonnant unit une proposition affirmative et une proposition négative.<br />La conjonction de coordination ou coordonnant unit des unités aux dizaines.<br />","Le vent se lève et la pluie se met à tomber .<br />Il aime la bonne cuisine et ne fume pas .<br />Vingt et une personnes .<br />"
"tes","your","your, your, thy","votre, vos, tes, ton, ta, votre, vos, tes, ton, ta, à vous, tes, ton, ta","","Déterminant possessif pluriel de la deuxième personne du singulier qui détermine le nom en indiquant le « possesseur » de l’objet désigné. Il s’accorde en genre et en nombre avec le nom déterminé.<br />Le déterminant possessif s’accorde en personne avec le nom désignant le « possesseur ». Ainsi, le déterminant possessif tes renvoie à un seul « possesseur » de plusieurs êtres, de plusieurs objets.<br />","Tes jouets .<br />Fanny, joue avec tes animaux! (un seul possesseur) .<br />"
"histoires","stories","history, chronicle, story, tale, narrative, era, chronicles, storey, business, to-do","histoire, chronique, histoire, histoire, récit, article, conte, étage, scénario, conte, histoire, nouvelle, épopée, rumeur, mensonge, récit, narration, histoire, ère, époque, temps, histoire, qui fait une époque, histoire, étage, histoire, récit, entreprise, affaires, affaire, travail, projet, histoire, histoire","récit, historique, étage, baratin, récit, renseignement, rapport, compte, étage, description, historique, récit, historique, passé, récit, chronique, étage, baratin, récit, bobard, relation, conte, étage, raconter une histoire, histoire d'amour, longue histoire, histoire contemporaine, histoire naturelle, histoire drôle, livre d'histoire, histoire marseillaise","Récit des évènements qui ont marqué une époque.<br />Science du passé.<br />Récit d’évènements réels ou imaginaires.<br />","L’histoire du Québec .<br />Un cours d’histoire .<br />Des histoires véridiques .<br />"
"seront","will","be, exist","être, devenir, exister, venir, aller, coûter, exister, être, vivre, subsister","prendre, suivre, reposer, dessiner, affecter, être aux écoutes, lier, représenter, obtenir, se trouver, égaler, amener, retenir, fournir, atteindre, reproduire, se tirer, coûter, éprouver, vivre, exister, contenir, faire, prendre, faire, suivre, reposer, distinguer, privilégier, définir, mentionner, qualifier, caractériser, ressembler, paraître, demeurer, dessiner, tirer, obtenir, avoir, devenir, recevoir, rendre, affecter, viser, conduire, obtenir, tendre, avoir, évoluer, aboutir, évaluer, aller, devenir, rendre, être aux écoutes, lier, représenter, constituer, prendre, amener, obtenir, avoir, contracter, devenir, lier, correspondre, apporter, obtenir, avoir, devenir, recevoir, prendre, avoir, devoir, tenir, prendre, obtenir, avoir, laisser, devoir, tenir, permettre, devenir, recevoir, rendre, se trouver, prendre, avoir, devoir, égaler, amener, obtenir, avoir, apporter, aboutir, devenir, recevoir, transporter, rendre, retenir, prendre, faire, donner, avoir, devoir, tenir, rendre, fournir, grandir, obtenir, rédiger, développer, avoir, fabriquer, publier, créer, élaborer, produire, aboutir, devenir, recevoir, rendre, atteindre, avoir, comprendre, devenir, recevoir, prendre, recueillir, avoir, devoir, accepter, tenir, admettre, recevoir, reproduire, générer, obtenir, avoir, engendrer, concevoir, devenir, recevoir, rendre, représenter, faire, venir, avoir, aller, se tirer, obtenir, avoir, décaniller, enculer, décamper, dégager, devenir, ficher le camp, coûter, prendre, atteindre, endurer, obtenir, subir, avoir, souffrir, devoir, tenir, continuer, devenir, recevoir, éprouver, prendre, avoir, devoir, tenir, vivre, exister, reposer, distinguer, prendre, privilégier, posséder, mentionner, avoir, comporter, devoir, ressembler, tenir, paraître, demeurer, disposer, contenir, composer, comprendre, comporter, obtenir, avoir, devenir, recevoir, rendre, faire, venir, avoir, aller, atteindre, obtenir, avoir, parvenir, devenir, peut-être, peut être, être au courant, être humain, bien-être, être en forme, être pressé, être en vacances, bien être, être malade","Exister, avoir une réalité.<br />VERBE RELIANT L’ATTRIBUT AU SUJET.<br />Le verbe être établit la relation entre le sujet et l’attribut.<br />Se situer.<br />Se trouver.<br />Appartenir.<br />S’occuper à.<br />Tendre vers.<br />Faire partie de.<br />Venir de, être originaire de.<br />Donner son soutien à.<br />AUXILIAIRE DE CONJUGAISON.<br />L’auxiliaire être sert à conjuguer :.<br />AUXILIAIRE DE TEMPS.<br />","« Je pense, donc je suis »<br />Les érables sont magnifiques .<br />La ville de Trois-Rivières est au nord du Saint-Laurent .<br />Ils seront à Paris en mai .<br />Cette maison est à elle .<br />Être à son travail .<br />Le temps est à la neige .<br />Être de la fête, d’une société donnée .<br />Geneviève est de Montréal .<br />Elle est pour l’indépendance du Québec .<br />"
"bientôt","soon","soon, shortly, presently, before long, almost, speedily, sometime, in the near future","bientôt, tôt, vite, prochainement, bientôt, sous peu, brièvement, sèchement, tout de suite, actuellement, bientôt, en ce moment, bientôt, presque, quasi, quasiment, bientôt, pas loin de, rapidement, bientôt, vite, un jour, bientôt, bientôt","incessamment, prochainement, présentement, actuellement, maintenant, de nos jours, aujourd'hui, bien tôt, À bientôt!","Dans peu de temps.<br />","À bientôt!<br />"
"usées","waste","","","","",""
"quand je serai blottie contre la fatigue","when I snuggled against fatigue","","","","",""
"quand","when","when, whenever, wherever, when","quand, à quel moment, à quelle époque, chaque fois que, quand, toutes les fois que, autre jour, n'importe quand, partout où, partout, quand, ou donc, quand, lors de, alors que, une fois que, chaque fois que, au moment ou","dès que, aussi, tant, puisque, même, également, que, comme, quand?, quand même, n'importe quand, depuis quand, jusqu'à quand, quand bien même, pour quand, Depuis quand?, quand même un peu, Jusqu'à quand?","À quel moment.<br />La conjonction unit une subordonnée circonstancielle à la principale en marquant :.<br />Un rapport de temps . Lorsque.<br />La simultanéité de deux faits, une corrélation. Chaque fois que.<br />La cause . Du moment que.<br />","Quand aura lieu la fête?<br />Rentre quand il sera minuit .<br />Quand il pleut, ses articulations lui font mal .<br />Quand il travaille, il réussit bien .<br />"
"serai","will","be, exist","être, devenir, exister, venir, aller, coûter, exister, être, vivre, subsister","prendre, suivre, reposer, dessiner, affecter, être aux écoutes, lier, représenter, obtenir, se trouver, égaler, amener, retenir, fournir, atteindre, reproduire, se tirer, coûter, éprouver, vivre, exister, contenir, faire, prendre, faire, suivre, reposer, distinguer, privilégier, définir, mentionner, qualifier, caractériser, ressembler, paraître, demeurer, dessiner, tirer, obtenir, avoir, devenir, recevoir, rendre, affecter, viser, conduire, obtenir, tendre, avoir, évoluer, aboutir, évaluer, aller, devenir, rendre, être aux écoutes, lier, représenter, constituer, prendre, amener, obtenir, avoir, contracter, devenir, lier, correspondre, apporter, obtenir, avoir, devenir, recevoir, prendre, avoir, devoir, tenir, prendre, obtenir, avoir, laisser, devoir, tenir, permettre, devenir, recevoir, rendre, se trouver, prendre, avoir, devoir, égaler, amener, obtenir, avoir, apporter, aboutir, devenir, recevoir, transporter, rendre, retenir, prendre, faire, donner, avoir, devoir, tenir, rendre, fournir, grandir, obtenir, rédiger, développer, avoir, fabriquer, publier, créer, élaborer, produire, aboutir, devenir, recevoir, rendre, atteindre, avoir, comprendre, devenir, recevoir, prendre, recueillir, avoir, devoir, accepter, tenir, admettre, recevoir, reproduire, générer, obtenir, avoir, engendrer, concevoir, devenir, recevoir, rendre, représenter, faire, venir, avoir, aller, se tirer, obtenir, avoir, décaniller, enculer, décamper, dégager, devenir, ficher le camp, coûter, prendre, atteindre, endurer, obtenir, subir, avoir, souffrir, devoir, tenir, continuer, devenir, recevoir, éprouver, prendre, avoir, devoir, tenir, vivre, exister, reposer, distinguer, prendre, privilégier, posséder, mentionner, avoir, comporter, devoir, ressembler, tenir, paraître, demeurer, disposer, contenir, composer, comprendre, comporter, obtenir, avoir, devenir, recevoir, rendre, faire, venir, avoir, aller, atteindre, obtenir, avoir, parvenir, devenir, peut-être, peut être, être au courant, être humain, bien-être, être en forme, être pressé, être en vacances, bien être, être malade","Exister, avoir une réalité.<br />VERBE RELIANT L’ATTRIBUT AU SUJET.<br />Le verbe être établit la relation entre le sujet et l’attribut.<br />Se situer.<br />Se trouver.<br />Appartenir.<br />S’occuper à.<br />Tendre vers.<br />Faire partie de.<br />Venir de, être originaire de.<br />Donner son soutien à.<br />AUXILIAIRE DE CONJUGAISON.<br />L’auxiliaire être sert à conjuguer :.<br />AUXILIAIRE DE TEMPS.<br />","« Je pense, donc je suis »<br />Les érables sont magnifiques .<br />La ville de Trois-Rivières est au nord du Saint-Laurent .<br />Ils seront à Paris en mai .<br />Cette maison est à elle .<br />Être à son travail .<br />Le temps est à la neige .<br />Être de la fête, d’une société donnée .<br />Geneviève est de Montréal .<br />Elle est pour l’indépendance du Québec .<br />"
"blottie","snuggled","","","","",""
"contre","against","against, versus, anti","contre, sur, vis à vis, en opposition avec, en échange de, en vue de, contre, par rapport à, contre","bagnard, con, contrer, par contre, lutter contre, contre remboursement, contre-indication, contre son gré, contre-attaque, course contre la montre, contre-courant, contre-proposition, contre-plaqué","Ce qui s’oppose à quelque chose, ce qui constitue le point de vue contraire, le mauvais côté.<br />La préposition contre sert à exprimer :.<br />La résistance, le choc.<br />L’incompatibilité, le désaccord.<br />La proximité.<br />L’échange.<br />La défense.<br />L’adverbe contre employé absolument marque l’opposition.<br />","Elle a voté contre .<br />Se cogner contre un mur .<br />Il est contre cette proposition .<br />Elle était appuyée contre un arbre .<br />Contre 20&nbsp;$, j’ai pu emporter deux beaux livres .<br />Du sirop contre la toux .<br />"
"la","There","the, la, lah, A, it, her","les, la, le, la, la, la, il, elle, le, ce, cela, la, elle, lui, la, celle, à elle, l'","Louisiane, dame, lanthane, statistique, Louisiane, dame, madame, lanthane, statistique, statistiques, là, la plupart, à la fois, toute la journée, à la place de, la semaine prochaine, faire la vaisselle, faire la fête, de la part de, par la suite, la foule","Sixième note de la gamme de do.<br />Déterminant défini qui s’emploie devant un nom féminin singulier désignant des personnes ou des choses connues, dont on a déjà parlé.<br />Pronom remplaçant un nom de personne ou de chose déterminé, déjà exprimé et qui est féminin singulier.<br />","Cette orange, tu la dégusteras cet après-midi .<br />"
"fatigue","tiredness","fatigue, tiredness, weariness, strain, exhaustion, exertion, failure, overstrain, letdown","fatigue, épuisement, corvée, fatigue, lassitude, lassitude, fatigue, épuisement, abattement, souche, tension, traction, pression, effort, fatigue, épuisement, fatigue, exténuation, grande fatigue, éreintement, effort, fatigue, moyens, influence, échec, défaillance, incapacité, faillite, insuccès, fatigue, surmenage, fatigue, déception, fatigue","léthargie, lassitude, abattement, lassitude, fatigué, fatiguer, grande fatigue","Sensation pénible causée par la diminution des forces.<br />","Elle tombe de fatigue .<br />"
"des jours à la mer qu’on veut oublier","days at sea that wants to forget","","","","",""
"des","of","","","dès, dés","Déterminant défini contracté pluriel ( de les ).<br />Déterminant indéfini pluriel de un, une.<br />Déterminant partitif pluriel exprimant une partie d’une chose au pluriel.<br />","Le chant des oiseaux .<br />Des pommes .<br />Manger des marinades .<br />"
"jours","days","day, daytime","jour, journée, jour, journée","journée, temps, angle, journalier, présent, cadeau, journée, temps, aujourd'hui, angle, feu, lumière, contexte, journalier, quotidien, présent, datte, date, cadeau, donation, moment, présent, jour férié, un jour, mise à jour, chaque jour, par jour, mettre à jour, du jour, le jour, ordre du jour, à jour","Abréviations j (s’écrit sans point), d (du latin « dies », qui signifie « jour »).<br />Clarté.<br />Ouverture, orifice.<br />Division du temps qui comprend 24 heures.<br />","Le jour se lève .<br />Il y a un peu de jour dans l’assemblage de cette fenêtre .<br />Il y a 365&nbsp;jours dans une année .<br />"
"mer","sea","sea, water, blue","mer, océan, eau, eaux, mer, marée, bleu, couleur bleue, azur, ciel, mer, cafard","traversée, voyage, océan, au bord de la mer, fruits de mer, fruit de mer, étoile de mer, bord de la mer, mal de mer, bord de mer, loup de mer, en mer, à la mer","Vaste étendue d’eau salée, distincte des océans par la moindre importance des fonds abyssaux et par l’extension souvent plus considérable des plates-formes continentales (Recomm. off.).<br />","Aller se baigner à la mer .<br />"
"veut","wants","want, wish, will, desire, intend, choose, take, suggest, require","vouloir, désirer, demander, chercher, avoir envie, avoir besoin, souhaiter, vouloir, désirer, avoir envie, faire un vœu de, vouloir, léguer, déterminer, désirer, aller faire, léguer qch à qn, désirer, vouloir, demander, avoir envie, vouloir, projeter, se proposer, avoir l'intention, choisir, décider, préférer, vouloir, désirer, faire choix de, prendre, emporter, faire, tirer, reprendre, vouloir, suggérer, proposer, insinuer, vouloir, exiger, nécessiter, demander, requérir, avoir besoin, vouloir","requérir, aimer, permettre, chercher, recommander, souhaiter, requérir, aimer, permettre, aller, chercher, requérir, recommander, promettre, chercher, supposer, réclamer, requérir, préférer, suggérer, exiger, regretter, attendre, aimer, souhaiter, souhaiter, désirer, souhaiter, vouloir dire, s'en vouloir, sans le vouloir","Manifester sa volonté.<br />Souhaiter.<br />Accepter.<br />Demander.<br />Prétendre avoir telle qualité, tel caractère.<br />Se souhaiter mutuellement quelque chose.<br />","Acceptez-vous de prendre Tristan comme époux? – Oui, je le veux .<br />Combien voulez-vous pour ce voilier?<br />Il veut partir .<br />Ils voudraient gagner le gros lot .<br />"
"oublier","forget","forget, bury, overlook, miss, neglect, omit, leave out, leave, miss out, slip, lay aside","oublier, laisser, se faire oublier, enterrer, ensevelir, enfouir, inhumer, plonger, oublier, négliger, oublier, fermer les yeux sur, donner sur, surveiller, passer sur, manquer, rater, oublier, regretter, mal entendre, négliger, oublier, délaisser, se négliger, déprécier, laisser à l'abandon, omettre, oublier, négliger, omettre, oublier, négliger, abandonner, faire tomber, laisser, quitter, partir, abandonner, déposer, oublier, passer, oublier, sauter, glisser, se glisser, échapper, patiner, se faufiler, oublier, mettre de côté, abandonner, oublier, négliger","laisser, négliger, ne pas oublier, faire oublier, se faire oublier","Perdre le souvenir de quelqu’un, de quelque chose.<br />Ne pas penser à quelque chose.<br />Sortir de la mémoire.<br />Ne pas penser à soi, à ses intérêts.<br />","J’ai oublié cette formule mathématique .<br />J’ai oublié mon rendez-vous .<br />"
"et voilà que tu ne peux plus chanter","and now you can not sing","","","","",""
"voilà","here","here, this, that is, there","ici, voilà, alors, voilà, à savoir, voilà, c'est-à-dire, là, il y a, voilà, là-bas","Voilà!, voila, voilà pourquoi, nous y voilà","La préposition sert à indiquer une personne, une chose relativement éloignée (par opposition à voici ).<br />La préposition renvoie à une chose dont il a été question (par opposition à voici, qui désigne une chose dont il sera question).<br />Il y a.<br />","Voilà que nous apercevons le petit village où nous nous rendons .<br />Eh bien, voilà ce que je voulais vous confier .<br />Voilà dix ans que je ne l’ai vu .<br />"
"que","than","that, than, whether, that, which, what, whom, than, which, what, how","que, afin que, autant que, que, si, que, soit, que, qui, ce, celle, celui, cela, qui, laquelle, lequel, que, quel, quelle, que, quoi, quel, qui, que, à qui, avec qui, que, de, que, quel, que, quelle, quel, comment, que","aussi, mais, même, cependant, aussi, tant, puisque, même, également, quand, comme, mais, seul, uniquement, seulement, exclusivement, même, cependant, mais, simplement, uniquement, seulement, sauf, que?, alors que, bien que, ainsi que, parce que, tandis que, pour que, dès que, tant que, en tant que, afin que","",""
"tu","you","you, thou","vous, tu, on, te, toi, tu, toi","tu es, si tu veux, Comment vas-tu?, Qu'est-ce que tu fais?, Qu'est-ce que tu dis?, Qu'est-ce que tu as dit?","Pronom personnel masculin et féminin de la deuxième personne du singulier. Tu est toujours sujet du verbe.<br />","Tu chantes bien .<br />"
"ne","not","not","pas, non, ne, pas du tout, ne ... point, ne ... pas","non, pas, né, gastro-œsophagien, caucasien, amœbien, je ne sais pas, ne pas, Je ne sais pas., Je ne comprends pas., ne pas oublier, Je ne parle pas français., ne pas hésiter, ne pas faire, ça ne sert à rien, ne jamais","",""
"peux","can","can, may","pouvoir, pouvoir faire, mettre en boîte, virer, mettre en conserve, savoir faire, pouvoir, avoir la possibilité de","conserver, risquer, habiliter, arriver, autoriser, tirer, limoger, licencier, terminer, congédier, renvoyer, pouvoir d'achat, abus de pouvoir, au pouvoir, pouvoir judiciaire, pouvoir faire, prendre le pouvoir, fondé de pouvoir, pouvoir législatif, pouvoir exécutif, pouvoir acheter","Avoir la possibilité, le droit de faire quelque chose.<br />Être capable de faire quelque chose.<br />Avoir l’autorité de, être en mesure de.<br />Être en mesure de.<br />","C’est formidable, Fanny peut dessiner à l’ordinateur! Si tu le peux, viens me voir .<br />La directrice peut décider de fermer l’école s’il y a une tempête de neige .<br />"
"plus","more","more, more, most, further, any, plus","plus, de plus, encore de, d'autre, plus, davantage de, plus, le plus, plus de, presque, plupart de, au maximum, plus, davantage, plus loin, de plus, plus, plus, avantage","au plus haut niveau, strictement positif, au plus haut niveau, haut, strictement positif, positif, maintenant, moins, ni plus ni moins, outre, maintenant, très, moins, pratiquement, ni plus ni moins, outre, autant, somme, priorité, somme, ajout, addition, priorité, avantage, obtention, actif, atout, de plus, en plus, plus tard, non plus, de plus en plus, au plus tard, en plus de, plus que, plus de, plus tôt","L’adverbe plus marque la supériorité.<br />Comparatif des adverbes beaucoup ou très. Plus que + comparaison.<br />Superlatif relatif.<br />Signe de l’addition.<br />La plus grande quantité.<br />En ajoutant une quantité.<br />","Les parents s’inquiètent plus que les enfants .<br />Le plus que nous puissions espérer .<br />Deux tomates plus un concombre .<br />"
"chanter","sing","sing, chant, chirp, croon, warble, hiss, lilt","chanter, bourdonner, tinter, appeler, vrombir, moucharder, chanter, scander, psalmodier, réciter, gazouiller, pépier, chanter, chantonner, chanter, roucouler, gazouiller, roucouler, chanter, scander, bourdonner, chantonner, siffler, chanter, chuchoter, chanter, chanter avec modulation","siffler, entonner, bavarder, siffler, entonner, bavarder, dialoguer, adresser, faire chanter, chanter faux, chanter une chanson, chanter juste, chanter fort","Raconter.<br />Former une suite de sons musicaux avec la voix.<br />","Que me chantez-vous là?<br />"
"je crois bien que je suis seule à t’aimer","I think I'm alone love you","","","","",""
"crois","believe","believe, conceive, think, suppose, imagine, guess, feel, consider, deem, reckon, calculate, trustee","croire, estimer, ajouter foi, avoir la foi, avoir confiance en, concevoir, imaginer, penser, comprendre, croire, être enceinte, penser, réfléchir, croire, imaginer, méditer, raisonner, supposer, croire, penser, imaginer, imaginer, penser, croire, supposer, se représenter, se figurer, deviner, supposer, croire, penser, estimer, évaluer, sentir, toucher, ressentir, éprouver, croire, palper, considérer, envisager, examiner, tenir compte, prendre en considération, croire, considérer, estimer, croire, compter, calculer, estimer, considérer, penser, croire, calculer, évaluer, estimer, faire calculer, compter sur, croire, croire, confier à, compter sur, être curateur","voir, confesser, saluer, estimer, constater, comporter, rétorquer, savoir, donner, représenter, reconnaître, supposer, distinguer, penser, homologuer, être d'avis, retenir, songer, agréer, fournir, prévoir, voir, penser, réfléchir, confesser, saluer, admettre, estimer, imaginer, supposer, penser, constater, remarquer, comporter, accréditer, admettre, attribuer, rétorquer, faire confiance, imaginer, deviner, imprimer, savoir, connaître, homologuer, reconnaître, donner, laisser, permettre, admettre, représenter, compter, reconnaître, admettre, rétorquer, estimer, conclure, sentir, éprouver, sembler, imaginer, chercher, ressentir, juger, parvenir, deviner, considérer, imprimer, rencontrer, dégager, trouver, voir, rechercher, penser, supposer, distinguer, discerner, adopter, choisir, désigner, saisir, percevoir, identifier, estimer, retenir, assimiler, juger, supposer, tenir, regarder, réputer, considérer, penser, réfléchir, homologuer, reconnaître, être d'avis, voir, penser, réfléchir, estimer, être d'avis, considérer, trouver, penser, homologuer, confesser, reconnaître, admettre, retenir, contenir, tenir, permettre, renfermer, admettre, songer, être d'avis, supposer, voir, penser, réfléchir, agréer, accréditer, être d'avis, trouver, voir, penser, réfléchir, fournir, donner, offrir, céder, accorder, abandonner, abdiquer, estimer, songer, être d'avis, considérer, penser, réfléchir, prévoir, être d'avis, envisager, entendre, concevoir, signifier, trouver, voir, penser, avoir l'intention, réfléchir, ne pas croire, se croire, croire que, voir c'est croire","Considérer comme vrai, comme fiable.<br />Tenir pour.<br />Avoir confiance en quelqu’un, quelque chose, s’y fier.<br />Tenir pour certaine l’existence de quelqu’un, avec une nuance de foi et d’amour.<br />Penser que quelque chose est vraisemblable, sans en être sûr.<br />Avoir la foi.<br />S’imaginer être.<br />","Je la crois compétente et remplie d’initiative .<br />Croyez-vous aux fantômes? « Parmi mon désespoir je croyais encore à l’espérance »<br />Je crois ces paroles .<br />"
"bien","good","well, good, very, nicely, all right, greatly, rightly, kindly, good, right, welfare, well-being, okay, okey, OK, possession, gold, right, nice, decent, alright","bien, très bien, tout à fait, par exemple, bien, tant mieux, très, bien, tout, exactement, seul, effectivement, bien, joliment, gentiment, agréablement, parfaitement, exactement, bien, exactement, considérablement, très, fort, bien, vivement, de beaucoup, justement, avec raison, bien, correctement, avec justesse, juste équitable, gentiment, bien, avec bonté, avec gentillesse, chaleureusement, complaisamment, bien, profit, humeur, droit, droite, bien, vrai, aide sociale, bien, assistance sociale, bonheur, confort, bien-être, bien-être, bonheur, bien, bien, bien, bien, possession, détention, bien, jouissance, or, bien, droit, bon, juste, bien, vrai, exacte, agréable, bien, beau, gentil, bon, joli, décent, convenable, honnête, bien, honorable, brave, bien","fin, meilleur, fin, en forme, satisfaisant, bon, meilleur, bon, alors, attentivement, confortablement, tout, justement, largement, comme ça, OK, vraiment, avantageusement, alors, attentivement, confortablement, aisément, tout, complètement, directement, pleinement, tout à fait, intégralement, entièrement, parfaitement, totalement, en même temps, justement, largement, copieusement, terriblement, sérieusement, considérablement, amplement, comme ça, alors, proprement, bon, largement, richement, alors, bon, OK, bon, vraiment, avantageusement, heureusement, favorablement, avoir, bon, Oklahoma, propriété, puits, marchandise, avoir, propriété, possession, bon, Oklahoma, propriété, puits, bon, marchandise, denrée, produit, Bien!, bien que, c'est bien, très bien, bien sûr, pas bien, tout va bien, bien entendu, ou bien, aussi bien, bien fait","Satisfaisant.<br />Convenable.<br />De bonne qualité.<br />Ce qui est louable, juste, conforme à un idéal.<br />Avantage, bénéfice.<br />Ce qu’on possède.<br />Chose créée par le travail en vue de satisfaire un besoin de la société.<br />D’une manière satisfaisante, convenable, agréable.<br />Beaucoup.<br />Très.<br />Environ.<br />","Cette musique est bien .<br />Faire le bien .<br />Grand bien vous fasse!<br />Ils ont des biens .<br />Les biens et les services .<br />Ses devoirs sont bien faits .<br />Ils sont bien peu nombreux .<br />Il y a bien cinq ans que je ne l’avais vu .<br />"
"suis","am","am","suis","suivre, être, estre, je suis désolé, Je suis en vacances., Je suis vraiment désolé., Je suis seul., Je suis célibataire., Je suis pressé., Je ne suis pas sûr., Je suis enceinte., Je suis étudiant., Je me suis perdu.","",""
"seule","alone","","","seul, toute seule, une seule personne","",""
"t'aimer","love you","","","","",""
"tes lèvres brûlent tant de mille mensonges","your lips are burning so many thousand lies","","","","",""
"lèvres","lips","lips, smackers","lèvres, lèvres","lèvre, lèvre, rouge à lèvres, du bout des lèvres","",""
"brûlent","burn","fiery","ardent, fougueux, enthousiaste, brûlent","brûler","",""
"mille","thousand","thousand, mile, thousand","mille, mile, mille, mille","mile, mille marin, nœud, mile, mi, mille marin, mi, nœud, mille marin, mile, mille fois, mille-pattes, mille-feuille, mille dollars, mille-patte, de mille","Le nombre mille.<br />Mesure de distance valant 5&nbsp;280&nbsp;pieds ou 1,6&nbsp;km.<br />Dix fois cent.<br />","Des mille lumineux .<br />« je le faisais, à quatre-vingts milles à l’heure sur l’autoroute glacée »<br />"
"mensonges","lies","lie, lying, falsehood, untruth, deceit, fib, story, tale, untruthfulness, fibs, flam","mensonge, couche, repos, mensonge, menteur, mensonge, mensonge, fausseté, tromperie, mensonge, duperie, mensonge, bobard, blague, histoire, récit, article, conte, étage, mensonge, conte, histoire, nouvelle, épopée, rumeur, mensonge, mensonge, mensonge, salades, mensonge","menterie, contrevérité, pieux mensonge","Affirmation contraire à la vérité.<br />","Dire que j’aime la tarte à la citrouille serait un mensonge : je déteste ce goût .<br />"
"que tu ne prends plus la peine de raconter","you do not take the trouble to tell","","","","",""
"prends","take","take, assume, acquire, have, catch, pick up, take up, take in, capture, seize, take over, drink, get on, occupy, catch on, charge, come over, make a note of, cut, book","prendre, emporter, faire, tirer, reprendre, saisir, assumer, supposer, prendre, présumer, admettre, adopter, acquérir, obtenir, prendre, gagner, avoir, posséder, prendre, comporter, tenir, comprendre, attraper, prendre, capturer, saisir, attirer, pêcher, ramasser, prendre, reprendre, capter, capter, relever, prendre, adopter, absorber, embrasser, lever, faire monter, prendre, recevoir, saisir, recueillir, reprendre, englober, capturer, capter, prendre, arrêter, faire capturer, s'emparer de, saisir, prendre, gripper, confisquer, se saisir de, capturer, prendre, prendre la relève, occuper, se charger de, prendre le pouvoir, adopter, boire, consommer, prendre, manger, absorber, prendre une boisson, prendre, monter, continuer, poursuivre, réussir, réaliser, occuper, prendre, remplir, habiter, absorber, résider dans, prendre, comprendre, se répandre, devenir populaire, charger, facturer, demander, accuser, inculper, prendre, prendre, prendre, couper, réduire, tailler, trancher, sabrer, prendre, réserver, louer, inscrire, retenir, prendre, enregistrer","recueillir, élire, faire, assumer, tenir, contempler, grossir, abonner, payer, reprendre, amener, être, obtenir, attaquer, conduire, demander, retenir, avoir, avancer, louer, choper, occuper, atteindre, former, éprouver, entamer, reposer, lire, confisquer, consommer, subir, être debout, recueillir, recevoir, élire, choisir, sélectionner, opter, faire, être, assumer, recueillir, accepter, permettre, admettre, recevoir, tenir, contempler, regarder, considérer, grossir, assumer, adopter, obtenir, supposer, arrêter, abonner, tenir, faire, payer, reprendre, choisir, amener, obtenir, être, avoir, contracter, devenir, être, avoir, devoir, tenir, obtenir, être, avoir, laisser, devoir, tenir, permettre, devenir, recevoir, rendre, être, avoir, devoir, attaquer, agresser, conduire, aller, recueillir, comporter, accepter, faire, rendre, demander, appeler, passer, réunir, recueillir, ramasser, collecter, collectionner, retenir, faire, donner, être, avoir, devoir, tenir, rendre, recueillir, être, avoir, devoir, accepter, tenir, admettre, recevoir, avoir, avancer, se passer, progresser, arriver, continuer, louer, amener, apporter, tenir, transporter, choper, arrêter, saisir, occuper, atteindre, endurer, obtenir, être, subir, avoir, souffrir, devoir, tenir, continuer, devenir, recevoir, former, entraîner, rechercher, éprouver, être, avoir, devoir, tenir, entamer, maintenir, procéder, se passer, diriger, arriver, continuer, reposer, distinguer, privilégier, posséder, être, mentionner, avoir, comporter, devoir, ressembler, tenir, paraître, demeurer, disposer, lire, tenir, confisquer, assumer, reprendre, adopter, supposer, usurper, saisir, consommer, subir, soumettre, assumer, adopter, souffrir, supposer, accepter, admettre, recevoir, être debout, lever, dresser, situer, assumer, adopter, supposer, prendre une douche, prendre conscience, prendre soin, prendre en charge, prendre soin de, prendre une décision, prendre un bain, prendre des vacances, prendre une photo, prendre en considération","Saisir.<br />Absorber de la nourriture, une boisson.<br />Contracter une maladie.<br />Choisir.<br />Utiliser.<br />Considérer comme.<br />Choisir un chemin, une direction.<br />Épaissir.<br />Amorcer la combustion, en parlant d’un feu.<br />Réussir.<br />S’enraciner.<br />Se saisir réciproquement.<br />Se laisser captiver, séduire.<br />S’accrocher.<br />","Prendre quelqu’un pour un fou .<br />Prends la crème glacée aux pistaches, elle est très bonne .<br />Prenez les moyens, les précautions qui s’imposent .<br />Prendre un crayon et un papier .<br />Prendre un repas .<br />Prendre un rhume .<br />"
"peine","sentence","penalty, sentence, trouble, pain, sorrow, grief, pains, heartache, ache, forfeit, bitterness, gruel, infirmity","peine, pénalité, amende, pénalisation, phrase, peine, sentence, condamnation, jugement, verdict, difficulté, peine, problème, mal, trouble, dérangement, douleur, peine, souffrance, mal, tristesse, effort, douleur, chagrin, tristesse, peine, affliction, douleur, chagrin, peine, malheur, amertume, catastrophe, peine, peines, douleur, mal, efforts, chagrin, peine, mal, douleur, peine, chagrin, gage, perte, amende, peine, amande, jeu de société, amertume, violence, peine, gruau, bouillie, peine, infirmité, faiblesse, maladie, impotence, débilité, peine","temps, douleur, sanction, effort, nuisance, agonie, deuil, mal, temps, durée, phrase, jugement, longtemps, délai, fois, douleur, sanction, penalty, douleur, souffrance, effort, nuisance, embêtement, douleur, casse-pied, souffrance, agonie, souffrance, deuil, affliction, abattement, regret, chagrin, douleur, effort, difficulté, problème, mal, tracas, trouble, agitation, problème, sanction, punition, châtiment, correction, sanction, penalty, pénalité, peiné, peiner, à peine, peine de mort, peine de prison, la peine capitale, pas la peine, faire de la peine, peine capitale, cela vaut la peine, avoir de la peine, sans peine","Douleur morale, tristesse.<br />Effort.<br />Sanction applicable à une personne ayant commis une infraction (GDT).<br />","Tu lui as fait de la peine .<br />Il n’est pas au bout de ses peines .<br />Le coupable a été condamné à une peine (et non *sentence) de cinq ans de prison .<br />"
"raconter","tell","tell, recount, narrate, relate, talk about, tale, spin, yarn","dire, raconter, informer, parler, révéler, narrer, raconter, retracer, narrer, raconter, narrer, raconter, rapporter, relater, toucher, retracer, établir un rapport entre, raconter, rediscuter de, raconter, raconter des histoires, mentir, cafarder, rapporter, tourner, filer, faire tourner, patiner, tournoyer, raconter, raconter","narrer, rapporter, narrer, rapporter, conter, dire, raconter une histoire, raconter des histoires, raconter des blagues, raconter ses souvenirs","Faire le récit de.<br />Inventer des histoires.<br />","Il a une façon merveilleuse de raconter les histoires .<br />Il ne faut pas croire tout ce qu’on raconte .<br />"
"et tu m’as volé ce qu’il reste de l’été","and you stole me what remains of summer","","","","",""
"m'as","hast","","","","Demeure provençale.<br />",""
"volé","stolen","stolen, robbed","volé, pillé, volé, pillé","vole","",""
"ce","this","this, it, that, that","cette, ce, cet, ces, ceci, celui-là, il, elle, le, ce, cela, la, que, qui, ce, celle, celui, cela, ce, cette, cet, ces","ce soir, en ce moment, en ce qui concerne, dans ce cas, pendant ce temps, ce matin, jusqu'à ce que, Qu'est-ce que c'est?, sur ce, à ce sujet","Ce pronom démonstratif invariable représente un nom, un infinitif, une proposition. Il désigne la personne ou la chose dont on parle.<br />SUJET IMPERSONNEL.<br />Ce + consonne.<br />C’ + voyelle.<br />C’est + nom au singulier.<br />C’est + pronom. Les pronoms singuliers, moi, toi, lui, elle, et les pronoms pluriels, nous, vous.<br />C’est + que.<br />C’est + quantité.<br />Ce sont + nom au pluriel.<br />Ce sont + eux, elles.<br />Ce ne sont pas + eux, elles.<br />COMPLÉMENT DIRECT.<br />Cela.<br />","Faites ce que je vous dis et non ce que je fais .<br />Ce sera une belle journée .<br />C’était hier. Ç’aurait pu être très agréable .<br />C’est une jolie maison .<br />C’est nous qui viendrons .<br />C’est à compter de demain que les prix augmentent .<br />C’est 5&nbsp;$ le kilo .<br />Ce sont des tulipes .<br />Ce sont elles qui ont le mieux répondu .<br />Ce ne sont pas eux qui ont payé .<br />Le gouvernement veut accroître la présence du français dans Internet : pour ce faire, il subventionnera la production d’outils informatiques en français .<br />"
"qu'il","that","","","","",""
"reste","rest","rest, residue, residual, residuum, remainder, remnant, scrap, left-over","repos, reste, appui, pause, support, sommeil, résidu, reste, relique, résidu, reste, résidu, reste, reste, autres, usufruit avec réversibilité, reste, débris, restant, ferraille, bout, reste, bagarre, bribe, fragment, reste","relique, différence, restes, repos, débris, résidu, queue, relique, vestige, différence, restes, repos, débris, vestige, reliquat, résidu, équilibre, résidu, queue, rester, qui reste, du reste, qui reste silencieux","Ce qui demeure d’un ensemble quand on en a retranché une partie.<br />Nourriture qui reste après un repas.<br />","Le reste d’une somme .<br />Grand-maman sait bien apprêter les restes .<br />"
"l'été","summer","","","","",""
"des berceuses que tu chantais pour me calmer","you sang lullabies to calm me","","","","",""
"berceuses","lullabies","lullaby","berceuse","infirmier, nounou, infirmière, nourrice, fauteuil à bascule, chaise à bascule, berçante, rocking-chair, rocking chair, berceur","Chanson destinée à endormir les enfants.<br />Siège dans lequel on peut se balancer légèrement.<br />",""
"chantais","singing","sing, chant, chirp, croon, warble, hiss, lilt","chanter, bourdonner, tinter, appeler, vrombir, moucharder, chanter, scander, psalmodier, réciter, gazouiller, pépier, chanter, chantonner, chanter, roucouler, gazouiller, roucouler, chanter, scander, bourdonner, chantonner, siffler, chanter, chuchoter, chanter, chanter avec modulation","siffler, entonner, bavarder, siffler, entonner, bavarder, dialoguer, adresser, faire chanter, chanter faux, chanter une chanson, chanter juste, chanter fort","Raconter.<br />Former une suite de sons musicaux avec la voix.<br />","Que me chantez-vous là?<br />"
"pour","for","for, to, of, towards, toward","pour, pendant, depuis, malgré, à, de, pour, vers, sur, en, de, en, pour, vers, pour, du côté de, dans la direction, à l'égard de, vis-à-vis, vers, pour, du côté de, dans la direction, à l'égard","envers, pour que, pour toujours, pour moi, pour le moment, pour commencer, pour eux, pour nous, pour l'instant, pour la vie, pour toi","Ce qui est favorable, le bon côté.<br />À la place de.<br />En vue de, afin de.<br />À destination de.<br />À cause de.<br />Parce que.<br />Afin de.<br />Même si.<br />En échange de.<br />","Il m’a prise pour une autre .<br />Pour réussir, il faut travailler .<br />Prendre l’avion pour Montréal .<br />Cette voiture est appréciée pour sa faible consommation d’essence .<br />Pour avoir aimé beaucoup, il a été très heureux .<br />Faire de l’exercice pour être en forme .<br />Cette hypothèse, pour être exacte, n’explique pas tout .<br />J’ai acheté ce manteau pour 200&nbsp;$ .<br />"
"me","me","me, myself","me, moi, me, mon état, moi-même","il me semble, il me semble que, je me sens mieux, Je ne me sens pas bien., Je me sens malade., Je me suis perdu., Merci de me dire où descendre., si je puis me permettre, il me plaît, cela me dépasse","Pronom personnel masculin et féminin de la première personne du singulier. Me ne s’emploie que devant un verbe ou après le verbe à l’impératif, où il s’élide devant en ou y.<br />","Tu me donnes un livre .<br />"
"calmer","calm","calm, calm down, lull, soothe, ease, alleviate, appease, quell, pacify, placate, assuage, mollify, gentle, still, settle, quieten down, deaden, sober, salve, smooth down, becalm, attemper, chasten","calmer, tranquilliser, pacifier, faire calmer, faire apaiser, s'apaiser, calmer, se calmer, se radoucir, apaiser, calmer, endormir un enfant, apaiser, calmer, atténuer, tranquilliser, flatter, amadouer, faciliter, soulager, atténuer, apaiser, calmer, tranquilliser, soulager, alléger, apaiser, calmer, apaiser, calmer, assouvir, tempérer, réprimer, étouffer, calmer, atténuer, pacifier, apaiser, calmer, apaiser, calmer, apaiser, calmer, assouvir, amadouer, apaiser, adoucir, calmer, mollir, résider, apaiser, calmer, dompter, calmer, faire taire, tranquilliser, régler, résoudre, trancher, fixer, arranger, calmer, calmer, se calmer, amortir, endormir, assourdir, calmer, dessoûler, désenivrer, calmer, apaiser, sauver, soulager, calmer, calmer, apaiser, encalminer, calmer, apaiser, calmer, châtier, corriger, épurer, assagir, calmer","rassurer, apaiser, soulager, rassurer, apaiser, apaiser, soulager, apaiser, se calmer, faire calmer","Apaiser.<br />Diminuer la douleur, le désagrément de.<br />Retrouver son calme, son sang-froid.<br />","Ce médicament calme les démangeaisons .<br />Elle calme son enfant effrayé par l’orage .<br />"
"ne me laisse plus ici, ne me laisse plus cette fois","leaves me here, leaves me more this time","","","","",""
"laisse","leash","lead, leash","plomb, avance, tête, fil, laisse, initiative, laisse, laisse pour le chien, filière, créance","plomb, col, collier, laisser, tenir en laisse","Lien avec lequel on attache un animal.<br />","Tenir un chien en laisse .<br />"
"ici","here","here, hither, over here","ici, voilà, alors, ici, ici","par ici, ainsi, ores, par ici, çà, ainsi, donc, ores, là-dessus, d'ici, par ici, jusqu'ici, c'est ici, il est ici, loin d'ici, ici-bas, être ici, Je descends ici, s'il vous plaît., Qu'est-ce qui se passe ici?","Se dit du lieu où est la personne qui parle.<br />","Viens ici : je t’attends!<br />"
"cette","this","this, that","cette, ce, cet, ces, ceci, celui-là, ce, cette, cet, ces","cette nuit, de cette façon, pour cette raison, à cette occasion, dans cette direction, dans cette situation, à cette époque-là","",""
"fois","time","times, time","fois, temps, temps, moment, fois, heure, époque, saison","temps, occasion, aventure, multiplication, temps, durée, phrase, jugement, longtemps, peine, délai, temps, durée, heure, occasion, aventure, fonction, occasion, multiplication, foi, encore une fois, une fois, deux fois, à la fois, chaque fois, plusieurs fois, il était une fois, une fois par semaine, trois fois, une fois par mois","Évènement, circonstance qui peut se renouveler.<br />Joint à un déterminant numéral, marque un nombre, un degré de fréquence, un degré de grandeur.<br />","Je lui ai parlé plusieurs fois .<br />Deux fois par (et non *la) semaine .<br />"
"même si je ne suis rien pour toi","even if I am nothing to you","","","","",""
"même","even","same, actual, selfsame, even, yet, alike, nay","même, susdit, réel, actuel, même, vrai, même, même, encore, seulement, jusqu'à, encore, toujours, alors, déjà, même, quand même, même, de la même façon, même, voire, plutôt","identique, pareil, similaire, identique, pareil, équivalent, égal, similaire, pareil, analogue, semblable, simplement, aussi, encore, que, simplement, seulement, aussi, tant, puisque, également, quand, que, comme, encore, que, mémé, même si, quand même, en même temps, de même, tout de même, de la même façon, de même que, lui-même, soi-même, la même chose","Après un pronom (pronom + même ) :.<br />Après un nom précédé d’un déterminant (déterminant + nom + même ) :.<br />Devant un nom et précédé d’un déterminant ( le, la, les, un, une, cet, cette.. .) (déterminant + même + nom) :.<br />Aussi, jusqu’à, y compris.<br />– la permanence de sa façon d’être.<br />– l’identité de la personne.<br />Toujours employé avec un déterminant ( le, la, les, un, une.. .) (déterminant + même ), il marque :.<br />","Elle est toujours la même .<br />Ce sont toujours les mêmes qui osent parler .<br />"
"si","if","if, whether, so, that, such, as, si, B","si, au moins, quand bien même, si, que, soit, si, ainsi, tellement, aussi, et alors, comme ceci, si, aussi, si, tellement, aussi, aussi, si, si, si","tellement, ainsi, aussi, alors, comme, oui, même si, si tu veux, comme si, si seulement, si je pouvais, si bien que, si ce n'est, si j'étais toi, si mal, si toutefois","Adverbe de quantité et d’intensité (suivi d’un adjectif ou d’un adverbe).<br />Adverbe d’affirmation.<br />Septième note de la gamme de do.<br />La conjonction introduit une condition (verbe de la principale au futur). À condition que.<br />La conjonction introduit une hypothèse (verbe de la principale au présent ou au passé). S’il est vrai que.<br />La conjonction introduit une hypothèse (verbe de la principale au conditionnel). Dans le cas où, à supposer que.<br />La conjonction introduit une concession, une restriction.<br />La conjonction introduit une interrogation indirecte.<br />La conjonction est un modificateur corrélatif de conséquence de l’adjectif ou de l’adverbe. De telle sorte que, tellement que, si bien que.<br />","Des si bémols .<br />Si tu viens jouer avec nous, nous aurons du plaisir .<br />Si l’informatique est un merveilleux outil, elle n’est pas encore tout à fait apprivoisée .<br />Si j’avais su (et non *si j’aurais su), je ne serais pas venu .<br />Elle se demandait s’il viendrait .<br />Elle est si sérieuse qu’on ne peut jamais la faire rire .<br />"
"rien","nothing","nothing, naught, nil, nix, zilch, nothingness, anything, nix","rien, zéro, nullité, rien, néant, zéro, nullité, insignifiance, néant, zéro, rien, rien, peau de balle, rien, zéro, chose que dalle, personne qui dalle, néant, rien, vide, imbécillité, rien, tout, quelque chose, n'importe quoi, rien","seul, non, seul, uniquement, non, non, néant, tout, non, pas, personne, néant, zéro, tout, personne, de rien, pour rien, rien du tout, rien de plus, rien à faire, ça ne sert à rien, rien que pour toi, ne rien faire, presque rien, rien de rien","Peu de chose.<br />Insignifiances.<br />Quelque chose (sans particule négative).<br />Aucune chose (avec ne ou sans ).<br />Nulle chose (sans particule négative).<br />","S’attacher à des riens .<br />Il est incapable de rien dire (de dire quoi que ce soit) .<br />Elle n’a rien fait .<br />Il a fait ce voyage pour rien .<br />"
"toi","thee","you, thee, thou","vous, tu, on, te, toi, te, toi, tu, toi","chez toi, pour toi, à toi, rien que pour toi, Et toi?, toi-même, si j'étais toi, toi non plus","Pronom personnel masculin et féminin de la deuxième personne du singulier.<br />EMPLOIS.<br />",""
"je me rappelle des secrets en cavale","I remember secrets on the run","","","","",""
"rappelle","recalls","","","rappeler","",""
"secrets","secrets","","","secret, services secrets","",""
"en","in","in, into, to, at, of, during, thereof","dans, en, à, chez, dedans, au bout de, dans, en, dedans, de très près, à, de, pour, vers, sur, en, à, de, sur, en, vers, à propos de, de, en, pour, pendant, durant, en, au cours de, dans, lorsque, en, de cela","après, postérieurement, ensuite, par la suite, prochainement, puis, derrière, ultérieurement, subséquemment, en effet, en cours, en plus, en revanche, en haut, mettre en place, en bas, en attendant, en fait, en fonction de","Préposition qui marque un rapport de lieu, de temps, une notion de forme, de matière, de manière.<br />Pronom qui peut remplacer de suivi d’un groupe nominal, d’un complément de verbe ou d’un complément de nom.<br />","Une table en chêne .<br />De ce grand voyage autour du monde, ils en rêvent .<br />"
"cavale","lam","","","cavaler","Jument.<br />Fuite, évasion.<br />","Des prisonniers en cavale .<br />"
"laissés en murmures au creux de mes bras","murmurs left in the pit of my arms","","","","",""
"laissés","left","leave, allow, let, abandon, park, forget, let go, quit, dismiss, put down","laisser, quitter, partir, abandonner, déposer, oublier, permettre, laisser, autoriser, accorder, admettre, allouer, louer, laisser, permettre, laisser faire, abandonner, renoncer à, laisser, délaisser, se désister de, stationner, se garer, laisser, abandonner, oublier, laisser, se faire oublier, abandonner, laisser tomber, laisser partir, laisser, libérer, quitter, arrêter, cesser de, abandonner, démissionner, laisser, rejeter, licencier, congédier, révoquer, débouter, laisser, déposer, poser, inscrire, abattre, placer, laisser","léguer, fournir, partir, donner, permettre, croire, prendre, oublier, amener, abandonner, arrêter, tenir compte, réserver, louer, léguer, donner, transmettre, fournir, partir, donner, permettre, pourvoir, admettre, partir, donner, donner, tolérer, permettre, autoriser, admettre, permettre, croire, donner, permettre, admettre, permettre, autoriser, prendre, obtenir, être, avoir, devoir, tenir, permettre, devenir, recevoir, rendre, oublier, amener, conduire, partir, donner, causer, diriger, aboutir, résulter, partir, quitter, donner, donner, offrir, permettre, accorder, autoriser, admettre, abandonner, arrêter, tenir compte, donner, considérer, permettre, admettre, partir, rester, quitter, donner, réserver, assigner, donner, convenir, adapter, permettre, autoriser, allouer, attribuer, partir, donner, confier, charger, louer, permettre, fournir, partir, léguer, communiquer, donner, apporter, entendre, accorder, laisser tomber, laisser faire, laisser passer, se laisser aller, laisser reposer, laisser entrer, laisser partir, laisser aller, laisser entendre, laisser-passer","Quitter.<br />Ne pas prendre.<br />Transmettre.<br />Ne pas supprimer.<br />Ne pas empêcher.<br />Être l’objet d’une action.<br />","J’ai laissé ma bicyclette et j’ai préféré marcher .<br />Il a laissé sa fortune à ses petits-enfants .<br />La traductrice a laissé certains mots anglais dans son texte .<br />Laisse-nous jouer dehors encore un peu, maman, s’il te plaît .<br />Boris a laissé cet ami .<br />"
"murmures","whispers","groan","gémissement, grognement, plainte, murmures","murmurer, murmure","",""
"au","the","","","au revoir, au moins, au lieu de, au contraire, au plus tard, au début, au fait, au dessus, au-dessus, au milieu","Au . Forme contractée de la préposition à et de l’article masculin le.<br />Aux . Forme contractée de la préposition à et de l’article masculin et féminin les.<br />","Les pommiers fleurissent au printemps .<br />Étienne a écrit aux copains de l’été .<br />"
"creux","hollow","hollow, empty, sunken, gaunt, vain, hollow, hole, trough, cavity, pit, emptiness","creux, vide, cave, faux, dissimulé, vide, creux, dénué, vaniteux, sans emploi, creux, cave, décharné, émacié, creux, morne, triste, vain, vaniteux, inutile, illusoire, futile, creux, creux, cavité, trou, orifice, puits, creux, terrier, lacune, creux, bac, dépression, chenal, fossé, creux d'une vague, cavité, creux, caverne, fosse, stand, trou, creux, noyau, mine, vide, vacuité, vanité, creux, désert","vide, trou","Dont l’intérieur est vide.<br />Vide de sens.<br />Profond.<br />Cavité.<br />Profondeur.<br />Profondément.<br />","« Tous deux entraient dans l’eau, qui n’était point creuse en cet endroit »<br />Il y a un creux dans le rocher .<br />À cet endroit, le fleuve a cinq mètres de creux .<br />"
"mes","my","my","mes, mon, ma","à mes côtés","Déterminant possessif pluriel de la première personne du singulier qui détermine le nom en indiquant le « possesseur » de l’objet désigné. Il s’accorde en genre et en nombre avec le nom déterminé.<br />Le déterminant possessif s’accorde en personne avec le nom désignant le « possesseur ». Ainsi, le déterminant possessif mes renvoie à un seul « possesseur » de plusieurs êtres, de plusieurs objets.<br />","Mes livres .<br />Regarde mes patins à roulettes (un seul possesseur) et notre nouvelle tondeuse (plusieurs possesseurs) .<br />"
"bras","arm","arm, branch, jib, handle, web","bras, branche, arme, manche, armes, blason, branche, succursale, section, embranchement, rameau, bras, foc, bras, poignée, manche, anse, manivelle, bras, portant, toile, réseau, tissu, palmure, lacis, bras","accoudoir, arme, épaule, manche, accoudoir, désarmement, arme, arme, b, main, épaule, ajutage, branche, main, manche, arme, manchon, avant bras, bras de fer, croiser les bras, bras de levier, serrer dans les bras, gros bras, bras de mer, J'ai mal au bras., sous le bras, lever le bras","Membre supérieur de l’être humain, qui est rattaché à l’épaule.<br />","Ses bras sont musclés .<br />"
"que je porterai, si lourds de tourments","that I will bear, so heavy torment","","","","",""
"porterai","wear","wear, have on, carry, take, bear, reach, hit, strike, propose, direct, waft, tote, hump, prefer","porter, mettre, user, miner, virer, éroder, porter, porter, transporter, poursuivre, emporter, conduire, supporter, prendre, emporter, faire, tirer, reprendre, porter, porter, supporter, souffrir, apporter, tolérer, endurer, atteindre, accéder, arriver, arriver à, obtenir, porter, frapper, toucher, heurter, battre, attaquer, porter, frapper, rayer, heurter, attaquer, toucher, porter, proposer, suggérer, porter, se proposer, soumettre une proposition, présenter une proposition, diriger, orienter, ordonner, adresser, guider, porter, flotter, porter, pousser, faire glisser, ondoyer, transporter, porter, baiser, voûter, porter, préférer, aimer mieux, élever, porter, déposer","retenir, chasser, bénéficier, transporter, attendre, soutenir, détenir, marcher, revêtir, courir, passer, endosser, mener, représenter, subir, répandre, retenir, tenir, chasser, bénéficier, intégrer, intérêt, occuper, intéresser, agir, craindre, préoccuper, encourager, redouter, inquiéter, transporter, attendre, soutenir, supporter, accomplir, respecter, atteindre, endurer, rester, subir, tolérer, souffrir, observer, prêter, continuer, demeurer, détenir, marcher, soutenir, se comporter, s'accorder avec, déporter, aboutir, expulser, acquitter, se tenir, revêtir, continuer, courir, passer, mettre, endosser, mener, avoir, représenter, exprimer, endosser, subir, répandre, conduire, aboutir, transporter, transmettre, soutenir, endosser, porter plainte, prêt à porter, porter sur, porter atteinte, porter préjudice, se porter bien, se porter, se porter volontaire, porter un toast, porter des lunettes","Tenir, soutenir.<br />Transporter.<br />Avoir sur soi.<br />Apporter.<br />Avoir pour objet.<br />Être en bonne ou en mauvaise santé.<br />Être porté, en parlant d’un vêtement, d’une mode.<br />Se diriger vers.<br />","Porter assistance à quelqu’un, porter chance, porter intérêt .<br />Porter un cartable .<br />Porter une lettre à la poste .<br />Porter un pantalon, porter les cheveux longs, des lunettes .<br />"
"lourds","heavy","heavy, leaden, cumbersome, onerous, unwieldy, clumsy, weighty, grievous, hefty, massive, ponderous, lumbering, dull, slow, oppressive, sultry, stodgy, close, soggy, outsize, outsized, bovine","lourd, gros, épais, fort, intense, dense, plombé, lourd, terne, morne, mauvais, lourd, encombrant, pesant, lent, lourd, pénible, lourd, peu maniable, difficile à manier, maladroit, maladroit, gauche, lourd, lourdaud, empoté, inélégant, lourd, pesant, important, grave, notable, grave, douloureux, pénible, cruel, sérieux, lourd, lourd, gros, costaud, fort, massif, énorme, lourd, écrasant, lourd, pesant, ennuyeux, monotone, maladroit, lourd, maladroit, terne, mat, ennuyeux, sourd, sombre, lourd, lent, en retard, lourd, lambin, monotone, ennuyeux, oppressif, oppressant, tyrannique, accablant, lourd, étouffant, étouffant, lourd, sensuel, chaud, suffocant, passionné, lourd, indigeste, bourratif, étouffé, proche, étroit, serré, strict, aimable, lourd, détrempé, pâteux, mou, lourd, imbibé, collant, énorme, colossal, gigantesque, lourd, énorme, colossal, gigantesque, lourd, bovine, stupide, lourd","plombé, écrasant, pesant, considérable, dense, grand, son, maussade, puissant, dur, sonore, plombé, écrasant, onéreux, emmerdant, ardu, pesant, pénible, fastidieux, pesant, considérable, grave, majeur, dense, grand, gros, son, profond, maussade, puissant, dur, difficile, ardu, éreintant, laborieux, pénible, sonore, poids lourd, pas lourd, Il fait lourd., lourd de sens, marcher d'un pas lourd","Difficile à soulever, à porter en raison de son poids.<br />Pénible à&nbsp;faire, à supporter.<br />","C’est une lourde tâche que je ne pourrai accomplir sans la collaboration de tous .<br />"
"tourments","torment","torment, agony, intense suffering","tourment, supplice, torture, agonie, supplice, tourment, douleur atroce, lutte acharnée, joie, tourment","harcèlement, malédiction","Souffrance physique ou morale.<br />","Les tourments de la guerre .<br />"
"je t’entends encore crier doucement","I hear you scream quietly","","","","",""
"t'entends","hear you","","","","",""
"encore","again","still, yet, even, again, over, furthermore, anew","encore, toujours, quand même, tout de même, encore, toujours, alors, déjà, même, quand même, même, encore, seulement, jusqu'à, encore, de nouveau, dessus, partout, encore, en outre, par ailleurs, de plus, encore, de nouveau, à nouveau, encore","toujours, jusqu'à présent, voire, déjà, tôt ou tard, même, davantage, pourtant, néanmoins, toujours, jusqu'à présent, jusqu'alors, jusqu'à maintenant, alors, jusqu'ici, voire, déjà, derechef, à nouveau, de nouveau, tôt ou tard, fin, éventuellement, mais, à l'heure, pourtant, finalement, même, davantage, loin, pourtant, néanmoins, cependant, nonobstant, pourtant, toutefois, calme, immobile, calme, immobile, statique, pas encore, encore une fois, encore plus, encore moins, encore un, et encore, encore jeune, encore que, encore en vie, encore de","L’adverbe marque la continuité d’une action ou d’un état jusqu’à une époque déterminée.<br />L’adverbe marque la répétition.<br />L’adverbe est une amplification des comparatifs plus, davantage, moins...<br />L’adverbe introduit une restriction.<br />","Il est 20&nbsp;h et il fait encore clair .<br />Je prendrais encore de la glace aux pistaches .<br />Elle est encore plus rapide que lui .<br />Il est agréable de voyager; encore faut-il disposer d’assez de temps .<br />"
"crier","scream","shout, cry, scream, yell, call, shriek, bawl, clamor, clamour, crow, sing out, make noise","crier, hurler, pousser des cris, interpeller, huer, engueuler, pleurer, crier, appeler, vagir, aboyer, annoncer, crier, hurler, pousser des cris, brailler, vociférer, crier, hurler, gueuler, clamer, pousser un cri aigu, appeler, téléphoner, demander, faire appel, convoquer, crier, crier, hurler, pousser un hurlement, brailler, gueuler, crier, hurler, beugler, crier, vociférer, faire du bruit, pousser des cris, demander en criant, crier, vociférer, faire du bruit, pousser des cris, demander en criant, crier, se vanter, humilier, crier, parler fort, se faire entendre, faire du bruit, faire du tapage, crier","hurler, injurier, brailler, gronder, pleurer, hurler, vociférer, clamer, injurier, brailler, appeler, hurler, gronder, rugir, pleurer, crier de douleur, crier au loup","Dire à voix haute.<br />Réprimander.<br />Pousser un cri.<br />Élever la voix.<br />","Crier son innocence, son mécontentement .<br />Cesse de crier, essaie de discuter calmement .<br />"
"doucement","gently","gently, slowly, softly, quietly, smoothly, mildly, with care","doucement, gentiment, avec douceur, sans forcer, piano, lentement, doucement, peu à peu, doucettement, doucement, légèrement, tendrement, gentiment, tranquillement, doucement, discrètement, calmement, paisiblement, sagement, doucement, doucement, vaguement, précautionneusement, doucement","progressivement, insensiblement, progressivement, facile, lentement, aisément, facilement, progressivement, peu à peu, graduellement, pas à pas, insensiblement, peu à peu, imperceptiblement","D’une manière douce.<br />Lentement.<br />","Il caressa doucement son chaton .<br />Roulez doucement, il y a beaucoup d’enfants qui jouent dans la rue .<br />"
"pourquoi voulais-tu encore donc de moi","why do you still want me then","","","","",""
"pourquoi","What for","why, wherefore","pourquoi, pourquoi, pour cette raison","ensuite, donc, raison, pourquoi?, c'est pourquoi, pourquoi pas?, voilà pourquoi, pourquoi ça?","Pour quelle raison.<br />Raison, motif.<br />Interrogation.<br />","Chercher les pourquoi d’un geste .<br />Des pourquoi et des comment .<br />"
"voulais","wanted","want, wish, will, desire, intend, choose, take, suggest, require","vouloir, désirer, demander, chercher, avoir envie, avoir besoin, souhaiter, vouloir, désirer, avoir envie, faire un vœu de, vouloir, léguer, déterminer, désirer, aller faire, léguer qch à qn, désirer, vouloir, demander, avoir envie, vouloir, projeter, se proposer, avoir l'intention, choisir, décider, préférer, vouloir, désirer, faire choix de, prendre, emporter, faire, tirer, reprendre, vouloir, suggérer, proposer, insinuer, vouloir, exiger, nécessiter, demander, requérir, avoir besoin, vouloir","requérir, aimer, permettre, chercher, recommander, souhaiter, requérir, aimer, permettre, aller, chercher, requérir, recommander, promettre, chercher, supposer, réclamer, requérir, préférer, suggérer, exiger, regretter, attendre, aimer, souhaiter, souhaiter, désirer, souhaiter, vouloir dire, s'en vouloir, sans le vouloir","Manifester sa volonté.<br />Souhaiter.<br />Accepter.<br />Demander.<br />Prétendre avoir telle qualité, tel caractère.<br />Se souhaiter mutuellement quelque chose.<br />","Acceptez-vous de prendre Tristan comme époux? – Oui, je le veux .<br />Combien voulez-vous pour ce voilier?<br />Il veut partir .<br />Ils voudraient gagner le gros lot .<br />"
"donc","so","therefore, thus, whereof, consequently","donc, par conséquent, par suite, pour cette raison, donc, par conséquent, de quoi, duquel, donc, donc, partant, par conséquence","ainsi, ensuite, d'où, où, lors, ainsi, par conséquent, ainsi, ici, ensuite, pourquoi, d'où, où, ensuite, lors, puis, alors, ainsi donc, qui donc, ou donc","Cette conjonction de coordination marque :.<br />La conclusion d’un raisonnement, la conséquence.<br />La suite d’un discours, d’un développement interrompu.<br />L’étonnement, la surprise.<br />","« Je pense, donc je suis »<br />Nous disions donc.. .<br />Qu’avez-vous donc? Allons donc!<br />"
"moi","I","me, I, us, ego","me, moi, je, moi, nous, moi, ego, moi, arrogance","autodétermination, ego, arrêt, Maine, position, égotisme, autodétermination, ego, arrêt, gouvernement, avis, œil, règlement, déclaration, vue, jugement, tenue, décision, penser, opinion, Maine, position, œil, vue, vision, penser, opinion, égotisme, pour moi, chez moi, c'est moi, avec moi, selon moi, et moi aussi, de moi, pas moi, à moi, devant moi","La personne humaine.<br />Égocentrisme.<br />L’un des trois éléments de la structure psychique qui équilibre les pulsions instinctives et inconscientes (le ça ) et la censure (le surmoi ).<br />Pronom personnel masculin et féminin de la première personne du singulier.<br />EMPLOIS.<br />","Tu ne penses qu’à ton moi .<br />"
"alors que je quittais toutes ces pensées","as I left all those thoughts","","","","",""
"alors","so","then, yet, here","puis, alors, ensuite, lors, aussi, bon, encore, toujours, alors, déjà, même, quand même, ici, voilà, alors","jusqu'à présent, bien, ensuite, si, lors, jusqu'à présent, jusqu'alors, jusqu'à maintenant, encore, jusqu'ici, bien, ensuite, puis, si, tellement, ainsi, aussi, comme, bien, comme ça, proprement, bon, lors, puis, donc, bien, bon, alors que, et alors, jusqu'alors, alors même que, Zut alors!, Et alors?, alors même","À une certaine époque.<br />En conséquence.<br />","Ils avaient alors une jolie maison à la campagne .<br />Il était toujours en retard, alors la directrice a dû le réprimander .<br />"
"quittais","leaving","leave, quit, depart, part, vacate, give up, go, retire, get away, walk away, relinquish, check out, forsake, jump, part from, turn out, split up, pop off, part company, scram, jilt","laisser, quitter, partir, abandonner, déposer, oublier, quitter, arrêter, cesser de, abandonner, démissionner, renoncer, partir, quitter, mourir, s'écarter de, séparer, se séparer, faire partie, quitter, diviser, distribuer, quitter, vider, abandonner, renoncer à, renoncer, quitter, démissionner, se livrer, aller, partir, passer, aller à, devenir, quitter, se retirer, prendre sa retraite, abandonner, quitter, partir, reculer, partir, quitter, filer, prendre la fuite, démarrer, prendre son pied, quitter, renoncer, renoncer à, abandonner, quitter, lâcher, se dessaisir de, quitter, retirer, régler sa note, contrôler la sortie de, mourir, viser, abandonner, quitter, délaisser, négliger, sauter, sursauter, augmenter, quitter, sautiller, passer rapidement, quitter, tourner, chasser, produire, se terminer, faire sortir, quitter, fractionner, se séparer, se diviser, se scinder, se disperser, quitter, claquer, quitter, partir, mourir subitement, casser sa pipe, donner de la gueule, se séparer, fausser compagnie, se trouver en désaccord, être en désaccord avec, quitter, filer, ficher le camp, quitter, quitter, plaquer, abandonner","partir, livrer, abandonner, donner, aggraver, débander, partir, départir, donner, mourir, abandonner, partir, donner, laisser, livrer, déserter, abandonner, partir, sortir, abandonner, partir, rester, donner, laisser, donner, renoncer, abandonner, aggraver, partir, débander, renoncer, abandonner, livrer, délaisser, abandonner, donner, démissionner, abandonner, se quitter, quitter la maison","Abandonner un lieu, une activité.<br />Se séparer d’une personne.<br />","La directrice a quitté son bureau pour quelques minutes .<br />"
"toutes","all","all","tous, toutes, tout, toute","tout, de toutes façons, une fois pour toutes, en toutes lettres, fermer toutes les portes, de toutes ses forces, toutes les fois que, dans toutes les directions","",""
"ces","these","these, this, that","ces, ceux, celles, cette, ce, cet, ces, ceci, celui-là, ce, cette, cet, ces","ces derniers jours, dans ces conditions, ces jours, dans ces jours","",""
"pensées","thoughts","reflection, reflexion","réflexion, reflet, image, pensées, réflexion, reflet, image, pensées","pensée","",""
"tu ne me voulais que pour ces quelques mois","you did not want me for these few months","","","","",""
"quelques","a few","a few","quelques, quelque","quelques jours plus tard, quelques-uns, quelques amis, quelques-unes, quelques gouttes","",""
"mois","month","month","mois, trente jours","lune, lunaison, lune, par mois, une fois par mois, au mois, tous les mois, mois dernier, mois prochain, tous les trois mois, tous les six mois","Chacune des douze divisions de l’année.<br />",""
"pour t’aider toujours à mieux l’oublier","to always help you better forget it","","","","",""
"t'aider","help you","","","","",""
"toujours","always","always, forever, constantly, still, yet, ever, evermore, all along, aye, for aye, all during","toujours, toujours, pour toujours, sans cesse, constamment, sans cesse, toujours, encore, toujours, quand même, tout de même, encore, toujours, alors, déjà, même, quand même, jamais, toujours, déjà, sans cesse, dans tout le temps, toujours, pour toujours, à tout jamais, toujours, toujours, toujours, toujours","encore, depuis, éternellement, continuellement, encore, depuis, jamais, éternellement, définitivement, continuellement, pour toujours, comme toujours, depuis toujours, toujours plus, presque toujours, de toujours, toujours jeune, toujours est-il que, continuer toujours, toujours plus vite","Sans cesse, continuellement.<br />Éternellement.<br />Habituellement.<br />","Il a toujours faim .<br />La Terre tourne toujours autour du Soleil .<br />Il parle toujours au téléphone .<br />"
"mieux","better","better, rally","mieux, rassemblement, ralliement, mieux, amélioration","meilleur, efficacement, effectivement, également, facilement, meilleur, tant mieux, le mieux, au mieux, de mieux en mieux, mieux que, il vaut mieux, faire de son mieux, un peu mieux, le plus tôt sera le mieux, aller mieux","Meilleur, plus convenable, plus agréable.<br />Ce qui est meilleur.<br />Comparatif de bien . D’une façon plus avantageuse, plus favorable, plus accomplie.<br />Superlatif absolu de bien.<br />Le mieux que + subjonctif.<br />","Ce roman est mieux que le précédent .<br />J’ai fait de mon mieux .<br />Le livre le mieux écrit .<br />Le montage le mieux réussi que j’aie vu .<br />"
"l'oublier","forget","","","","",""
