"francis, tu as tant de chose à dire","francis, you have so much to tell","","","","",""
"francis","francis","","","","",""
"tu","you","you, thou","vous, tu, on, te, toi, tu, toi","tu es, si tu veux, Comment vas-tu?, Qu'est-ce que tu fais?, Qu'est-ce que tu dis?, Qu'est-ce que tu as dit?","Pronom personnel masculin et féminin de la deuxième personne du singulier. Tu est toujours sujet du verbe.<br />","Tu chantes bien .<br />"
"as","ace","ace, wiz","ace, as, carte maîtresse, as, crack","ace, génie, sensation, expert, avoir, Qu'est-ce que tu as dit?, plein aux as","Un point seul marqué sur un des côtés d’un dé.<br />Carte à jouer.<br />Personne qui tient le premier rang dans sa spécialité.<br />","L’as de cœur .<br />C’est un as du tennis .<br />"
"tant","so","so such","tant","durement, cruellement, mal, aussi, puisque, même, également, quand, que, comme, tant pis, tant que, en tant que, tant mieux, tant de, en tant que tel, tant bien que mal, tant de fois, tant que ça, en tant que personne","Tellement, en si grande quantité.<br />Tant de + nom au pluriel. Une telle quantité de.<br />","Alain a tant de livres qu’il a acheté un appartement pour les y ranger .<br />Tant de pommes sont tombées au cours de l’orage que nous n’avons pu toutes les ramasser .<br />"
"de","from","of, to, from, by, with, than, at, out of, off","de, en, pour, à, de, pour, vers, sur, en, de, à partir de, depuis, dès, de la part de, d'après, par, de, selon, à, près de, suivant, avec, à, de, sur, que, de, à, de, sur, en, vers, à propos de, de, hors de, par, en dehors de, de","dé, de rien, de plus, tout de suite, à partir de, au lieu de, pomme de terre, en fonction de, maillot de bain, à cause de, de plus en plus","• La préposition introduit un complément du nom en marquant :.<br />La possession.<br />L’origine.<br />Le temps.<br />La cause.<br />Le moyen.<br />La matière.<br />Le genre.<br />• La préposition introduit un complément du verbe en marquant :.<br />Le lieu.<br />Le temps.<br />La cause.<br />Le moyen, l’instrument.<br />Élision de la préposition.<br />De + adjectif.<br />L’article de s’emploie devant des noms de choses qui ne peuvent se compter, devant un nom abstrait.<br />","La fille de (et non *à) mon amie .<br />Du sirop d’érable, du fromage de chèvre .<br />Le train de nuit .<br />Un vent d’orage, des frissons d’inquiétude .<br />Un air de piano, un coup de baguette magique .<br />Une colonne de bois, un toit de chaume .<br />Un roman d’aventures, un film de science-fiction .<br />Venir de Trois-Rivières .<br />Ils vont à l’école de 8&nbsp;h&nbsp;30 à 15&nbsp;h&nbsp;30 .<br />Les enfants sautent de joie : c’est la récréation!<br />Se servir d’un pinceau, d’une règle .<br />Il est tombé de la neige .<br />"
"chose","thing","thing, object, stuff","chose, truc, affaire, sujet, mode, objet, but, objectif, chose, motif, complément, substance, truc, affaires, étoffe, chose, essence","objet, machin, point, détail, travail, question, cobaye, intérêt, cause, objet, cause, objet, machin, truc, point, question, tête, détail, particulier, travail, tâche, emploi, fonction, service, objet, élément, question, affaire, cobaye, cas, cause, sujet, intérêt, objet, contenu, sujet, matière, cause, matière, quelque chose, autre chose, la même chose, avant toute chose, bonne chose, grande chose, Autre chose?, quelque chose de, première chose, chose importante","Objet inanimé.<br />Toute réalité concrète ou abstraite.<br />Bizarre.<br />","Son bureau est encombré de mille choses .<br />C’est toujours la même chose .<br />"
"à","to","to, in, at, with, by, upon","à, de, pour, vers, sur, en, dans, en, à, chez, dedans, au bout de, à, de, sur, en, vers, à propos de, avec, à, de, sur, par, de, selon, à, près de, suivant, sur, à","jusqu'à, à partir de, grâce à, à travers, à part, à cause de, à côté, à propos, par rapport à, à peu près","La préposition introduit un complément indirect.<br />La préposition marque :.<br />La préposition marque le prix.<br />","Alain participera à la fête .<br />Un blouson à 100 $ .<br />"
"dire","say","say, tell, speak, talk, state, express, mention, put, admit, bid","dire, parler, indiquer, prononcer, déclarer, prétendre, dire, raconter, informer, parler, révéler, narrer, parler, dire, prendre la parole, répondre, demander, parler, discuter, dire, bavarder, discourir, rapporter, dire, déclarer, exposer, spécifier, formuler, nommer, exprimer, dire, formuler, manifester, énoncer, extraire, mentionner, citer, dire, signaler, faire mention, mettre, placer, poser, présenter, dire, soumettre, admettre, avouer, reconnaître, dire, convenir, laisser entrer, demander, faire une offre, dire, inviter, ordonner, enjoindre","passer, supposer, communiquer, divulguer, déclarer, articuler, garantir, contenter, vouloir dire, appartenir à, enjoindre, soutenir, négliger, narrer, prouver, lire, proclamer, passer, partir, faire, départir, disparaître, aller, devenir, supposer, communiquer, divulguer, révéler, exposer, passer, faire, aller, déclarer, affirmer, alléguer, accuser, articuler, prononcer, passer, partir, faire, aller, devenir, garantir, assurer, déclarer, affirmer, contenter, indiquer, remarquer, commenter, apercevoir, montrer, passer, fonctionner, partir, faire, courir, aller, devenir, marcher, vouloir dire, entraîner, supposer, entendre, signifier, appartenir à, passer, faire, appartenir, aller, devenir, enjoindre, soutenir, cohabiter, passer, vivre, partir, faire, survivre, tenir le coup, traverser, hier, accommoder, résider, continuer, demeurer, aller, devenir, durer, négliger, passer, sortir avec, distribuer, partir, faire, mourir, tomber en panne, faillir, aller, devenir, abandonner, narrer, rapporter, conter, raconter, passer, partir, faire, procéder, aller, devenir, prouver, démontrer, témoigner, montrer, lire, être debout, évoquer, prononcer, relire, admettre, penser, proclamer, afficher, déclarer, affirmer, décréter, prononcer, annoncer, parole, bouche, moyen, demande, accent, répétition, parole, terme, mot, bouche, muet, moyen, moyenne, demande, revendication, accent, répétition, c'est-à-dire, vouloir dire, à vrai dire, pour ainsi dire, sans rien dire, dire bonjour, dire au revoir, se dire, cela va sans dire, dire merci","Exprimer par la parole.<br />Inviter à, demander.<br />Penser.<br />Prétendre.<br />Se déclarer.<br />Être employé, en parlant d’un mot, d’une expression.<br />Ce qu’une personne avance, déclare, rapporte.<br />","Je vous dis merci .<br />Elle me dit de venir .<br />Ils se sont dits heureux de ce dénouement .<br />Le mot aborigène se dit de la personne dont les ancêtres ont toujours habité le pays où elle vit .<br />Les dires des experts sont parfois contradictoires .<br />"
"mais le tout reste enfermer","but everything remains shut","","","","",""
"mais","but","but, although, yet, only, probably","mais, bien que, mais, malgré que, pourtant, mais, cependant, néanmoins, malgré tout, seulement, mais, probablement, mais, selon toute probabilité, peut-être","tôt ou tard, seul, cependant, tôt ou tard, fin, éventuellement, à l'heure, encore, pourtant, finalement, seul, uniquement, seulement, que, exclusivement, cependant, simplement, uniquement, seulement, que, sauf, maïs, mai, mais enfin, mais bien sûr, mais bien, épi de mais","Cette conjonction introduit une idée contraire, une restriction, une objection.<br />","Il a une bonne formation, mais il n’a pas l’expérience voulue .<br />"
"le","the","the, it, him","les, la, le, il, elle, le, ce, cela, la, lui, le, celui, l'","tout le monde, le matin, pour le moment, le monde, le mien, dans le but de, le lendemain, tout le temps, faire le point, le temps","Déterminant défini qui s’emploie devant un nom masculin singulier désignant des personnes ou des choses connues, dont on a déjà parlé.<br />Pronom remplaçant un nom de personne ou de chose déterminé, déjà exprimé et qui est masculin singulier.<br />","Ce voyage, tu pourras le faire .<br />"
"tout","all","all, any, every, entire, most important, all, very, in all, all up, all, whole, all, any, anything","tous, toutes, tout, toute, tout, quelconque, n'importe quel, chaque, tous, tout, tout, complet, total, intact, tout, tout, tout à fait, très, bien, tout, exactement, seul, effectivement, en tout, tout, en général, tout compris, généralement, en tout et pour tout, tout, tout, ensemble, tout, tout, tout, n'importe lequel, rien, tout, quelque chose, n'importe quoi","bien, partout, bien, complètement, directement, pleinement, tout à fait, intégralement, entièrement, parfaitement, totalement, en même temps, partout, n'importe où, abondance, rien, unité, totalité, femme de ménage, abondance, multitude, rien, personne, unité, totalité, ensemble, totalité, ensemble, femme de ménage, sportif, femme, fille, nettoyeuse, tout le monde, tout de suite, tout droit, tout seul, malgré tout, pas du tout, en tout cas, tout d'abord, tout de même, tout à fait","",""
"reste","rest","rest, residue, residual, residuum, remainder, remnant, scrap, left-over","repos, reste, appui, pause, support, sommeil, résidu, reste, relique, résidu, reste, résidu, reste, reste, autres, usufruit avec réversibilité, reste, débris, restant, ferraille, bout, reste, bagarre, bribe, fragment, reste","relique, différence, restes, repos, débris, résidu, queue, relique, vestige, différence, restes, repos, débris, vestige, reliquat, résidu, équilibre, résidu, queue, rester, qui reste, du reste, qui reste silencieux","Ce qui demeure d’un ensemble quand on en a retranché une partie.<br />Nourriture qui reste après un repas.<br />","Le reste d’une somme .<br />Grand-maman sait bien apprêter les restes .<br />"
"enfermer","lock up","lock, confine, lock up, shut up, seal, encase, shut in, sequester, hem in, crib","écluse, serrure, verrou, enfermer, antivol, mèche, confiner, enfermer, emprisonner, saisir, enfermer, emprisonner, arrêter, se taire, enfermer, faire taire, faire taire, cloîtrer, emprisonner, sceller, fermer, obturer, cacheter, plomber, enfermer, enfermer, emboîter, recouvrir, gainer, encaisser, enfermer, entourer, séquestrer, isoler, confisquer, enfermer, placer sous séquestre, enfermer, entraver, copier, enfermer, voler","claustrer, fermer, verrouiller, mettre","Emprisonner.<br />Se tenir dans un endroit fermé.<br />","Enfermer un lapin dans un clapier .<br />"
"et quand tu ne sais plus quoi dire","and when you do not know what to say","","","","",""
"et","and","and","et, aussi","et alors, aller et retour, et moi aussi, et puis, sain et sauf, nom et prénom, et caetera, et cetera, jour et nuit, vingt et un","La conjonction de coordination ou coordonnant unit des propositions indépendantes affirmatives.<br />La conjonction de coordination ou coordonnant unit une proposition affirmative et une proposition négative.<br />La conjonction de coordination ou coordonnant unit des unités aux dizaines.<br />","Le vent se lève et la pluie se met à tomber .<br />Il aime la bonne cuisine et ne fume pas .<br />Vingt et une personnes .<br />"
"quand","when","when, whenever, wherever, when","quand, à quel moment, à quelle époque, chaque fois que, quand, toutes les fois que, autre jour, n'importe quand, partout où, partout, quand, ou donc, quand, lors de, alors que, une fois que, chaque fois que, au moment ou","dès que, aussi, tant, puisque, même, également, que, comme, quand?, quand même, n'importe quand, depuis quand, jusqu'à quand, quand bien même, pour quand, Depuis quand?, quand même un peu, Jusqu'à quand?","À quel moment.<br />La conjonction unit une subordonnée circonstancielle à la principale en marquant :.<br />Un rapport de temps . Lorsque.<br />La simultanéité de deux faits, une corrélation. Chaque fois que.<br />La cause . Du moment que.<br />","Quand aura lieu la fête?<br />Rentre quand il sera minuit .<br />Quand il pleut, ses articulations lui font mal .<br />Quand il travaille, il réussit bien .<br />"
"ne","not","not","pas, non, ne, pas du tout, ne ... point, ne ... pas","non, pas, né, gastro-œsophagien, caucasien, amœbien, je ne sais pas, ne pas, Je ne sais pas., Je ne comprends pas., ne pas oublier, Je ne parle pas français., ne pas hésiter, ne pas faire, ça ne sert à rien, ne jamais","",""
"sais","know","know, see, realize, be aware, figure out, sort out, ken","savoir, connaître, faire savoir, reconnaître, souffrir, se présenter, voir, découvrir, savoir, visiter, regarder, apercevoir, réaliser, comprendre, savoir, prendre conscience, se rendre compte de, penser, savoir, savoir, résoudre, décider, arriver à comprendre, bien calculer, savoir, ranger, comprendre, savoir, connaître, concevoir, saisir","connaître, baiser, croire, éprouver, piéger, connaître, baiser, aimer, faire l'amour, foutre, niquer, enconner, avoir, fourrer, connaître, enculer, croire, connaître, homologuer, reconnaître, éprouver, vivre, connaître, demeurer, piéger, savoir faire, à savoir, savoir-faire, savoir-vivre, faire savoir, à savoir que, bon à savoir, savoir vivre, il est important de savoir","Avoir la connaissance de, posséder une science ou un art.<br />Pouvoir, avoir la possibilité de.<br />Être apte à, avoir le talent, la force de faire quelque chose.<br />Connaître l’existence de.<br />Connaître sa situation.<br />Être su.<br />","Elle sait répartir les tâches, tu sais écouter .<br />Il sait une petite clairière dans la forêt .<br />Elle sait lire et compter .<br />Je saurai terminer ce long travail .<br />"
"plus","more","more, more, most, further, any, plus","plus, de plus, encore de, d'autre, plus, davantage de, plus, le plus, plus de, presque, plupart de, au maximum, plus, davantage, plus loin, de plus, plus, plus, avantage","au plus haut niveau, strictement positif, au plus haut niveau, haut, strictement positif, positif, maintenant, moins, ni plus ni moins, outre, maintenant, très, moins, pratiquement, ni plus ni moins, outre, autant, somme, priorité, somme, ajout, addition, priorité, avantage, obtention, actif, atout, de plus, en plus, plus tard, non plus, de plus en plus, au plus tard, en plus de, plus que, plus de, plus tôt","L’adverbe plus marque la supériorité.<br />Comparatif des adverbes beaucoup ou très. Plus que + comparaison.<br />Superlatif relatif.<br />Signe de l’addition.<br />La plus grande quantité.<br />En ajoutant une quantité.<br />","Les parents s’inquiètent plus que les enfants .<br />Le plus que nous puissions espérer .<br />Deux tomates plus un concombre .<br />"
"quoi","what","what, which","que, quoi, quel, qui, laquelle, lequel, que, quel, quoi","quoi?, n'importe quoi, de quoi, comme quoi, en quoi, quoi qu'il arrive, quoi que, avec quoi, sur quoi, dans quoi, par quoi","Pronom neutre qui relie une phrase subordonnée à un pronom de sens indéterminé ( ce, cela, rien, chose.. .), à une phrase déjà énoncée.<br />","Ce à quoi tu as pensé est ingénieux .<br />"
"tu te mets à pleurer","you begin to cry","","","","",""
"te","you","you, thee, yourself, thyself","vous, tu, on, te, toi, te, toi, te, toi-même, vous-même, te, toi-même","Va te faire foutre!","Pronom personnel masculin et féminin de la deuxième personne du singulier.<br />EMPLOIS.<br />",""
"mets","dish","dish","plat, assiette, mets, cuvette, récipient, coupe","mettre","Aliment.<br />","La truite saumonée est un mets de choix .<br />"
"pleurer","cry","cry, weep, mourn, shed tears, sob, wail, bemoan, blubber, bleed, beg, water, squeal, greet","pleurer, crier, appeler, vagir, aboyer, annoncer, pleurer, suinter, verser des larmes, lamenter, larmoyer, faire pleurer, pleurer, lamenter, porter le deuil, se lamenter, faire funérailles, pleurer, verser les larmes, pleurer de rire, sangloter, pleurer, étouffer par un sanglot, lamenter, gémir, pleurer, hurler, plaindre, vagir, déplorer, pleurer, chialer, pleurer, pleurer comme un veau, saigner, purger, perdre du sang, pleurer, faire une saignée, perdre sa sève, mendier, demander, supplier, quémander, solliciter, pleurer, arroser, irriguer, larmoyer, pleurer, moirer, couper d'eau, hurler, crisser, couiner, piailler, moucharder, pleurer, saluer, accueillir, recevoir, souhaiter, pleurer","crier, déplorer, regretter, pleurer de joie, pleurer de rire, faire pleurer","Déplorer.<br />Répandre des larmes.<br />","Il pleure la perte d’un ami .<br />"
"mais ça ton publique le voit pas","but that the public not see your","","","","",""
"ça","that","it, that, id","il, elle, le, ce, cela, ça, que, qui, ce, celle, celui, ça, ça","comme ça, c'est ça, ça marche, Comment ça va?, comme ci comme ça, ça dépend, ça y est, malgré ça, Comment ça va, ça ne sert à rien","L’un des trois éléments de la structure psychique avec le moi et le surmoi, qui constitue l’ensemble des pulsions instinctives et inconscientes.<br />Cela.<br />","Aimez-vous ça? Comment ça va?<br />"
"ton","tone","your, your, thy, tone, note, voice, pitch, shade, key","votre, vos, tes, ton, ta, votre, vos, tes, ton, ta, à vous, tes, ton, ta, ton, tonalité, son, tonicité, sonorité, timbre, note, mot, commentaire, annotation, ton, touche, voix, ton, pas, terrain, hauteur, tangage, brai, ton, ombre, nuance, teinte, ton, fantôme, clé, touche, clef, tonalité, solution, ton","annotation, note, teinte, sens, tonalité, réglage, touche, annotation, note, note, teinte, ombre, ordinaire, nuance, sens, esprit, regard, saveur, teinte, timbre, qualité, teinte, plage, arène, cran, sable, tonalité, réglage, accord, accordage, touche, clé, clef, légende, c'est ton affaire, donner le ton","Hauteur moyenne de la voix, d’un son.<br />Inflexion de la voix.<br />Manière d’être.<br />Couleur considérée sous l’angle de son intensité.<br />Déterminant possessif masculin de la deuxième personne du singulier qui détermine le nom en indiquant le « possesseur » de l’objet désigné. Il s’accorde en genre et en nombre avec le nom déterminé.<br />Le déterminant possessif s’accorde en personne avec le nom désignant le « possesseur ». Ainsi, le déterminant possessif ton renvoie à un seul « possesseur » d’un être, d’un objet de genre masculin.<br />","Un ton grave, un ton aigu .<br />Il l’a crié sur tous les tons .<br />Ces tenues sont de bon ton, de mauvais ton .<br />Des tons pâles .<br />Ton cadenas .<br />Tu promènes ton chien Zoé (un seul possesseur) .<br />"
"publique","public","","","public, public, fonction publique, santé publique, opinion publique, décharge publique, école publique, voie publique, offre publique d'achat, place publique, ordre publique, assistance publique","",""
"voit","sees","see, look, view, sight, spy, behold, vide, imagine, be able to see, take notice, conceive","voir, découvrir, savoir, visiter, regarder, apercevoir, regarder, examiner, voir, surveiller, voir, regarder, examiner, visiter, étudier, avoir un avis, voir, apercevoir, regarder, espionner, épier, remarquer, reconnaître, apercevoir, voir, voir, apercevoir, remarquer, voir, réviser, imaginer, penser, croire, supposer, se représenter, voir, voir, prêter attention, remarquer, tenir compte de qch, faire attention au chien, voir, concevoir, imaginer, penser, comprendre, croire, voir","comprendre, croire, atteindre, trouver, visiter, percevoir, rétorquer, accompagner, vérifier, regarder, analyser, apercevoir, estimer, aider, éprouver, songer, prévoir, assister, comprendre, croire, penser, réfléchir, atteindre, frapper, réunir, parvenir, saisir, rencontrer, trouver, visiter, rendre visite, percevoir, rétorquer, estimer, conclure, sentir, éprouver, croire, sembler, imaginer, chercher, ressentir, juger, parvenir, deviner, considérer, imprimer, rencontrer, dégager, trouver, rechercher, penser, accompagner, vérifier, regarder, regarder, analyser, interpréter, comprendre, entendre, traduire, vérifier, examiner, apercevoir, vérifier, constater, contrôler, infirmer, certifier, assurer, comprendre, réaliser, estimer, juger, considérer, croire, être d'avis, penser, réfléchir, aider, assister, vérifier, sembler, visiter, soigner, jeter, réexaminer, paraître, consulter, éprouver, subir, comprendre, traverser, comprendre, apprendre, découvrir, déceler, songer, croire, être d'avis, supposer, penser, réfléchir, prévoir, comprendre, imaginer, visualiser, croire, être d'avis, trouver, penser, réfléchir, prévoir, croire, être d'avis, envisager, entendre, concevoir, signifier, trouver, penser, avoir l'intention, réfléchir, assister, témoigner, se voir, aller voir, voir le jour, faire voir, voir à travers, voir c'est croire, venir voir, Désirez-vous voir la carte des vins?, laisser voir, voir venir","Percevoir par la vue.<br />Être témoin d’un évènement.<br />Visiter, parcourir.<br />Se trouver en présence de.<br />Constater.<br />Supporter.<br />Veiller à.<br />Percevoir par la vue.<br />Apercevoir sa propre image.<br />Se regarder, se rencontrer.<br />Être aperçu, être visible.<br />Se trouver.<br />","Je vois que tu travailles fort .<br />Elle ne peut plus la voir, elle est si désagréable .<br />De son bureau, on voit la cime des arbres .<br />Ils ont vu l’accident se produire .<br />Nous avons vu tous les châteaux de la Loire .<br />Venez donc prendre le thé, il y a si longtemps qu’on ne vous a vus .<br />"
"pas","not","not, step, footstep, steps, pitch, pace, tread, move, foot, gauge, gage","pas, non, ne, pas du tout, ne ... point, ne ... pas, étape, pas, mesure, démarche, seuil, marchepied, pas, bruit de pas, empreinte, trace de pas, mesures, pas, escalier, pas, terrain, hauteur, tangage, brai, poix, rythme, allure, pas, vitesse, bande de roulement, semelle, pas, giron, chenille, bruit de pas, mouvement, déplacement, déménagement, passage, coup, pas, pied, bas, marche, patte, bout, pas, jauge, calibre, gabarit, pas, jauge, gage, calibre, gabarit, gant, pas","non, mauvais, non, ne, mauvais, empreinte, ruban, non, filetage, escalier, allure, rythme, enjambée, disposition, lancer, passage, empreinte, ruban, fil, non, rien, personne, filetage, fil, escalier, marche, échelon, baïonnette, allure, démarche, rythme, enjambée, disposition, étape, mesure, lancer, passage, démarche, coup, je ne sais pas, pas encore, pas mal, pas grave, pas du tout, pas de problème, pas bien, ne pas, pas cher, Je ne sais pas.","L’adverbe de négation est généralement précédé des particules de négation ne ou non.<br />Mouvement de mettre un pied devant l’autre pour marcher.<br />Façon de marcher.<br />Trace laissée par une personne en marchant.<br />Seuil.<br />","Elle ne viendra pas .<br />Il fait de grands pas, elle avance de quelques pas, puis revient sur ses pas .<br />Un pas cadencé, un pas de gymnastique .<br />Les enfants ont raconté avoir vu des pas dans la neige .<br />Sur le pas de la porte .<br />"
"tu l’incites à rêver, pendant que toi tu le regarde","you encouraged to dream, while you you look at the","","","","",""
"l'incites","the ENCOURAGED","","","","",""
"rêver","dream","dream","rêver, faire un rêve","songer, rêver de","Voir en rêve.<br />Faire un rêve.<br />Souhaiter.<br />Imaginer.<br />Faire des rêves.<br />Avoir des lubies.<br />","À quoi rêves-tu? Tu es encore dans la lune .<br />Chaque nuit, je rêve la même chose .<br />Il rêve d’acheter une petite maison en Provence .<br />"
"pendant","while","for, during, over, through, pending, hanging, pendulous, pensile, pendant, pendent","pour, pendant, depuis, malgré, pendant, durant, en, au cours de, dans, lorsque, plus de, sur, pendant, au cours de, tout près, tout droit, pendant, partout, rapidement, jusqu'au bout, du début jusqu'à la fin, en attente, en suspens, en instance, pendant, suspendu, pendant, en suspens, pendant, oscillant, qui retombe, pendant, pendentif, pendant, pendeloque, lustre, pendentif, pendant, lustre, pendeloque","pendant que, pendant ce temps, pendant la nuit, pendant la semaine, pendant longtemps, pendant la journée, pendant une heure, pendant des années, pendant le voyage, pendant toute la journée","Qui pend.<br />Qui n’est pas réglé, qui est en cours.<br />Contrepartie.<br />Durant, au cours de.<br />","La langue pendante .<br />L’affaire est toujours pendante .<br />Cette œuvre est le pendant d’une création antérieure .<br />Il a neigé pendant l’hiver .<br />"
"que","than","that, than, whether, that, which, what, whom, than, which, what, how","que, afin que, autant que, que, si, que, soit, que, qui, ce, celle, celui, cela, qui, laquelle, lequel, que, quel, quelle, que, quoi, quel, qui, que, à qui, avec qui, que, de, que, quel, que, quelle, quel, comment, que","aussi, mais, même, cependant, aussi, tant, puisque, même, également, quand, comme, mais, seul, uniquement, seulement, exclusivement, même, cependant, mais, simplement, uniquement, seulement, sauf, que?, alors que, bien que, ainsi que, parce que, tandis que, pour que, dès que, tant que, en tant que, afin que","",""
"toi","thee","you, thee, thou","vous, tu, on, te, toi, te, toi, tu, toi","chez toi, pour toi, à toi, rien que pour toi, Et toi?, toi-même, si j'étais toi, toi non plus","Pronom personnel masculin et féminin de la deuxième personne du singulier.<br />EMPLOIS.<br />",""
"regarde","watch","look, see, look at, view, gaze, sight, concern, gory","regarder, examiner, voir, surveiller, voir, découvrir, savoir, visiter, regarder, apercevoir, regarder, considérer, vérifier, viser, voir, regarder, examiner, visiter, étudier, avoir un avis, regarder, fixer son regard, regarder longuement, voir, apercevoir, regarder, concerner, préoccuper, intéresser, regarder, impliquer, s'inquiéter, regarder","contempler, vérifier, voir, estimer, considérer, toucher, observer, affecter, guetter, veiller, contempler, prendre, considérer, vérifier, voir, voir, estimer, retenir, croire, assimiler, juger, supposer, tenir, réputer, considérer, considérer, contempler, agir, considérer, concerner, toucher, viser, référer, appartenir, concerner, observer, affecter, concerner, contempler, considérer, favoriser, examiner, guetter, suivre, veiller, protéger, observer, garder, veiller, observer, surveiller, regarder la télévision, regarder fixement, se regarder, regarder attentivement, regarder par la fenêtre, regarder en arrière, regarder de haut, regarder dans les yeux, regarder en bas, regarder bien","Observer.<br />Considérer.<br />Considérer comme.<br />Concerner.<br />Tenir compte de, prêter attention à.<br />Être face à face et se voir.<br />","Nous allons regarder cette question .<br />Ils l’ont toujours regardé comme leur fils .<br />Cette décision ne vous regarde pas .<br />Elle regarde les enfants qui s’amusent .<br />"
"francis, les mots restent bien coincé devant cette fille qui ne demande","francis, although the words remain stuck to the girl who asks","","","","",""
"les","the","the, them","les, la, le, les, leur, eux, elles","tous les jours, les gens, tous les deux, les autres, faire les courses, les femmes, dans tous les cas, les siens, tous les ans, tomber dans les pommes","Déterminant défini qui s’emploie devant un nom masculin pluriel ou féminin pluriel désignant des personnes ou des choses connues dont on a déjà parlé.<br />Pronom remplaçant un nom de personne ou de chose déterminé, déjà exprimé et qui est masculin pluriel ou féminin pluriel.<br />","Ces cadeaux, tu les déballeras sous peu .<br />"
"mots","words","word, note, say","mot, parole, terme, nouvelle, promesse, ordre, note, mot, commentaire, annotation, ton, touche, mot, adage, proverbe","parole, bon mot, mot de passe, parole, dire, terme, bon mot, bon, mot d'esprit, parole, terme, parole, propos, délibération, discussion, mot de passe, parole, mot de passe, gros mot, en un mot, bon mot, mot clé, petit mot, mot d'ordre, dernier mot, mot pour mot, un petit mot","Groupe de lettres formant une ou plusieurs syllabes et exprimant une idée.<br />Courte lettre.<br />","Le mot oui est un mot de trois lettres .<br />J’ai reçu un mot de lui qui m’apprenait son départ .<br />"
"restent","stay","stay, remain, continue, keep, be left, stick, stick around, hold, rest, stop, lie, tarry, endure, live on, settle down","rester, séjourner, demeurer, continuer, suspendre, habiter, rester, demeurer, subsister, continuer, poursuivre, rester, reprendre, durer, persister, garder, conserver, tenir, continuer, rester, suivre, rester, coller, rester, enfoncer, planter, fourrer, persévérer, rester, rester dans les parages, attendre, tenir, détenir, contenir, retenir, conserver, rester, reposer, se reposer, rester, poser, laisser reposer, demeurer, arrêter, cesser, empêcher, mettre fin, stopper, rester, mentir, se coucher, reposer, résider, rester, être recevable, demeurer, rester, s'attarder, supporter, endurer, durer, rester, survivre, rester, vivre aux crochets de, vivre aux dépens de, se calmer, se stabiliser, se tasser, rester, redevenir normal, devenir normal","tenir, demeurer, conserver, reposer, terminer, maintenir, contenir, séjourner, persister, soutenir, détenir, défendre, retenir, partir, être debout, correspondre, tenir, continuer, demeurer, conserver, sauver, compter, maintenir, tenir, assurer, continuer, conserver, maintenir, tenir, continuer, reposer, respirer, terminer, maintenir, tenir, observer, continuer, contenir, suspendre, arrêter, finir, renoncer, renfermer, bloquer, réprimer, séjourner, persister, conserver, garder, taire, soutenir, supporter, accomplir, respecter, atteindre, endurer, subir, tolérer, souffrir, observer, prêter, continuer, porter, demeurer, reposer, détenir, retarder, arrêter, défendre, conserver, tenir, continuer, retenir, conserver, réduire, restreindre, supprimer, tenir, continuer, réprimer, reposer, rassurer, partir, quitter, donner, laisser, reposer, résider, demeurer, séjourner, retenir, maintenir, tenir, continuer, durer, conserver, maintenir, sauvegarder, protéger, tenir, assurer, continuer, être debout, correspondre, maintenir, adhérer, soutenir, accomplir, respecter, conformer, tolérer, observer, résider, demeurer, séjourner, maintenir, tenir, correspondre, adhérer, demeurer, séjourner, rester en contact, rester debout, rester calme, rester au lit, rester en ligne, rester assis, rester tranquille, rester ensemble, rester immobile, rester jeune","Demeurer dans un lieu.<br />Continuer d’être.<br />Se maintenir, persister.<br />Habiter, résider en un lieu.<br />","Ils sont partis, elle est restée .<br />Les paroles s’envolent, les écrits restent .<br />Un problème reste : nous n’avons plus d’argent .<br />Il restait à la campagne .<br />"
"bien","good","well, good, very, nicely, all right, greatly, rightly, kindly, good, right, welfare, well-being, okay, okey, OK, possession, gold, right, nice, decent, alright","bien, très bien, tout à fait, par exemple, bien, tant mieux, très, bien, tout, exactement, seul, effectivement, bien, joliment, gentiment, agréablement, parfaitement, exactement, bien, exactement, considérablement, très, fort, bien, vivement, de beaucoup, justement, avec raison, bien, correctement, avec justesse, juste équitable, gentiment, bien, avec bonté, avec gentillesse, chaleureusement, complaisamment, bien, profit, humeur, droit, droite, bien, vrai, aide sociale, bien, assistance sociale, bonheur, confort, bien-être, bien-être, bonheur, bien, bien, bien, bien, possession, détention, bien, jouissance, or, bien, droit, bon, juste, bien, vrai, exacte, agréable, bien, beau, gentil, bon, joli, décent, convenable, honnête, bien, honorable, brave, bien","fin, meilleur, fin, en forme, satisfaisant, bon, meilleur, bon, alors, attentivement, confortablement, tout, justement, largement, comme ça, OK, vraiment, avantageusement, alors, attentivement, confortablement, aisément, tout, complètement, directement, pleinement, tout à fait, intégralement, entièrement, parfaitement, totalement, en même temps, justement, largement, copieusement, terriblement, sérieusement, considérablement, amplement, comme ça, alors, proprement, bon, largement, richement, alors, bon, OK, bon, vraiment, avantageusement, heureusement, favorablement, avoir, bon, Oklahoma, propriété, puits, marchandise, avoir, propriété, possession, bon, Oklahoma, propriété, puits, bon, marchandise, denrée, produit, Bien!, bien que, c'est bien, très bien, bien sûr, pas bien, tout va bien, bien entendu, ou bien, aussi bien, bien fait","Satisfaisant.<br />Convenable.<br />De bonne qualité.<br />Ce qui est louable, juste, conforme à un idéal.<br />Avantage, bénéfice.<br />Ce qu’on possède.<br />Chose créée par le travail en vue de satisfaire un besoin de la société.<br />D’une manière satisfaisante, convenable, agréable.<br />Beaucoup.<br />Très.<br />Environ.<br />","Cette musique est bien .<br />Faire le bien .<br />Grand bien vous fasse!<br />Ils ont des biens .<br />Les biens et les services .<br />Ses devoirs sont bien faits .<br />Ils sont bien peu nombreux .<br />Il y a bien cinq ans que je ne l’avais vu .<br />"
"coincé","stranded","stranded","échoué, coincé","nerveux, rétif, suspens, être coincé","Timide et embarrassé.<br />",""
"devant","in front","before, in front, ahead, past, fore, head-on, before, vis-a-vis, front, vamp","avant, devant, auparavant, précédemment, en avant, devant, en avant, devant, en avant, devant, devant, de l'avant, à l'avant, devant, avant, devant, en présence de, sur, plutôt que de, vis à vis, par rapport à, devant, devant, face, front, façade, premier rang, position, vamp, devant, rafistolé, rafistolage","avant, préalablement, auparavant, tôt, avant, auparavant, précédemment, antérieurement, avant, recto, devant moi, passer devant, de devant, par-devant, regarder devant soi","En avant.<br />La partie antérieure, l’avant.<br />Priorité dans l’ordre, le rang.<br />En face de, vis-à-vis de.<br />En présence de.<br />","Le devant de l’immeuble .<br />Il y a un gros arbre devant la maison .<br />Le contrat a été signé devant témoins .<br />"
"cette","this","this, that","cette, ce, cet, ces, ceci, celui-là, ce, cette, cet, ces","cette nuit, de cette façon, pour cette raison, à cette occasion, dans cette direction, dans cette situation, à cette époque-là","",""
"fille","girl","girl, daughter, woman, child, maid, she, gal, lass","fille, jeune fille, nana, copine, petite amie, fille, femme, fille, bonne femme, maîtresse, féminité, enfant, fils, fille, petit, fillette, gamin, servante, femme de chambre, fille, domestique, femme de ménage, jeune fille, fille, fille, jeune fille, fille, copine, petite amie","oiseau, petite, petite amie, catin, jeune fille, tout, oiseau, gonzesse, poussin, jeune fille, minette, poupée, jupe, nana, petite, jeune fille, fifille, gamine, fillette, petite amie, jeune fille, femme, catin, putain, pute, prostituée, jeune fille, poupée, demoiselle, jeune femme, fillette, jeune fille, jeune femme, jeune fille, femme, tout, femme de ménage, sportif, femme, nettoyeuse, jeune fille, petite fille, belle fille, jolie fille, nom de jeune fille, belle-fille, fille unique, vieille fille, fille moche, fille facile","Personne du sexe féminin considérée par rapport à sa mère, à son père (par opposition à fils ).<br />Enfant du sexe féminin (par opposition à garçon ).<br />","Sa fille se nomme Marie-Ève .<br />Dans la classe, il y a 13 filles et 12 garçons .<br />"
"qui","which","which, that, who, whom","qui, laquelle, lequel, que, quel, quelle, que, qui, ce, celle, celui, cela, qui, ceux, celles, qui, que, à qui, avec qui","qui?, avec qui, en ce qui concerne, n'importe qui, à qui, de qui, à qui de droit, celui qui, qui convient, qui plus est, qui dort","Pronom qui relie une phrase subordonnée à un nom ou à un pronom (l’antécédent).<br />","Le film qui l’a bouleversé raconte le génocide arménien .<br />"
"demande","request","request, application, demand, claim, requisition, bid, desire, offer, instance, counterclaim","demande, requête, sollicitation, application, demande, candidature, souscription, pratique, apposition, demande, exigence, revendication, revendication, demande, créance, déclaration, appel, réquisition, demande, offre, enchère, tentative, demande, annonce, désir, envie, demande, offre, proposition, demande, tentative, exemple, cas, demande, circonstance, proposition, demande","requête, créance, dire, besoin, condition, question, application, revendication, nécessité, pétition, requête, créance, dire, revendication, besoin, condition, préalable, prérequis, exigence, besoin, condition, prescription, exigence, question, enquête, application, revendication, nécessité, besoin, nécessaire, condition, prescription, exigence, pétition, requête, demandé, demander, demande de renseignements, demande d'emploi, à la demande, demande de renseignement, faire une demande, l'offre et la demande, à la demande de, à votre demande, demande en mariage, Je vous demande pardon.","Action de demander quelque chose.<br />Écrit formulant une requête.<br />Ensemble des produits et des services que les acheteurs désirent acquérir à un jour déterminé.<br />","Une demande de (et non *pour un) congé .<br />Présenter une demande d’emploi (et non *application) .<br />L’offre et la demande .<br />"
"pas mieux que de se faire aimer","nothing better than to be loved","","","","",""
"mieux","better","better, rally","mieux, rassemblement, ralliement, mieux, amélioration","meilleur, efficacement, effectivement, également, facilement, meilleur, tant mieux, le mieux, au mieux, de mieux en mieux, mieux que, il vaut mieux, faire de son mieux, un peu mieux, le plus tôt sera le mieux, aller mieux","Meilleur, plus convenable, plus agréable.<br />Ce qui est meilleur.<br />Comparatif de bien . D’une façon plus avantageuse, plus favorable, plus accomplie.<br />Superlatif absolu de bien.<br />Le mieux que + subjonctif.<br />","Ce roman est mieux que le précédent .<br />J’ai fait de mon mieux .<br />Le livre le mieux écrit .<br />Le montage le mieux réussi que j’aie vu .<br />"
"se","himself","themselves, himself, herself","se, eux-mêmes, elles-mêmes, se, sa personne, lui-même, se, elle, elle-même","se lever, se reposer, se tromper, se promener, se coucher, se plaindre, se moquer, se battre, se taire, se souvenir","Pronom personnel réfléchi masculin et féminin de la troisième personne du singulier et du pluriel employé comme complément direct, comme complément indirect.<br />","Elle se lave .<br />"
"faire","do","do, make, take, work, play, perform, build, make up, prepare, cook, handle, draw up, go in for, proffer, transact","faire, effectuer, accomplir, exécuter, mettre, aller, faire, effectuer, fabriquer, créer, gagner, préparer, prendre, emporter, faire, tirer, reprendre, saisir, travailler, faire, marcher, exploiter, bosser, préparer, jouer, jouer de, faire, interpréter, passer, jouer contre, effectuer, accomplir, exécuter, réaliser, faire, jouer, construire, bâtir, faire, consolider, encastrer, s'encastrer, compenser, rattraper, combler, faire, composer, maquiller, préparer, se préparer, faire, confectionner, faire préparer, cuire, cuisiner, faire, faire la cuisine, truquer, falsifier, manipuler, traiter, manier, faire, toucher, manœuvrer, dresser, rédiger, faire, ranger, instrumenter, tirer à sec, faire, pratiquer, entrer dans, se présenter, se consacrer à, prendre part à, offrir, présenter, tendre, faire, traiter, négocier, régler, faire","placer, pratiquer, aller, prendre, agir, marcher, désigner, obtenir, passer, feindre, créer, célébrer, rendre, dessiner, promener, atteindre, travailler, servir, mériter, retenir, remplir, accomplir, déféquer, hésiter, séduire, appartenir à, représenter, soutenir, effectuer, compiler, négliger, ramper, gérer, suffire, entraîner, venir, établir, organiser, former, respecter, casser, sauter, donner, cuisiner, placer, poser, mettre, pratiquer, employer, assurer, appliquer, exercer, aller, devenir, prendre, être, aller, placer, poser, mettre, appliquer, agir, marcher, désigner, succéder, nommer, mettre, nominer, rendre, obtenir, fonder, fabriquer, effectuer, créer, produire, placer, poser, situer, mettre, localiser, trouver, bâtir, passer, partir, départir, disparaître, dire, aller, devenir, passer, partir, aller, passer, dire, aller, feindre, faire semblant, créer, célébrer, accomplir, effectuer, rendre, prendre, dessiner, tirer, construire, rendre, placer, poser, mettre, localiser, promener, marcher, atteindre, aboutir, finir, arriver, travailler, fonctionner, placer, poser, fixer, mettre, appliquer, passer, partir, dire, aller, devenir, passer, fonctionner, partir, écouler, tester, courir, aller, devenir, marcher, servir, passer, fonctionner, partir, dire, courir, aller, devenir, marcher, prendre, rendre, mériter, gagner, obtenir, comprendre, réaliser, ouvrir, rendre, retenir, prendre, donner, être, avoir, devoir, tenir, rendre, remplir, compléter, remblayer, accomplir, effectuer, déféquer, caguer, rendre, hésiter, dessiner, tirer, séduire, rendre, appartenir à, passer, dire, appartenir, aller, devenir, représenter, venir, être, avoir, aller, soutenir, cohabiter, passer, vivre, partir, survivre, tenir le coup, traverser, dire, hier, accommoder, résider, continuer, demeurer, aller, devenir, durer, effectuer, aller, rendre, compiler, imiter, copier, simuler, négliger, passer, sortir avec, distribuer, partir, dire, mourir, tomber en panne, faillir, aller, devenir, abandonner, ramper, gérer, arriver, suffire, répondre, servir, entraîner, motiver, causer, passer, partir, dire, procéder, aller, devenir, venir, arriver, aller, établir, poser, mettre, appliquer, rendre, placer, poser, orienter, mettre, organiser, fixer, arranger, mettre, coiffer, régler, accomplir, effectuer, réaliser, exécuter, former, contenir, offrir, constituer, présenter, respecter, rappeler, répéter, casser, sauter, ricocher, rebondir, effectuer, rendre, donner, transmettre, cuisiner, cuire, préparer, venir, être, avoir, aller, ut, rixe, ut, rixe, savoir faire, faire attention, faire l'amour, faire la vaisselle, faire la fête, faire le point, faire face, faire du vélo, faire connaissance, faire semblant","Créer, produire.<br />Accomplir, exécuter.<br />Former, composer.<br />Jouer le rôle de.<br />Égaler.<br />Agir.<br />Gagner, se procurer.<br />Arriver, venir à être.<br />Devenir.<br />S’habituer.<br />S’accomplir, se réaliser.<br />Faire + infinitif ou phrase infinitive. Être la cause.<br />Faire + infinitif ou phrase infinitive. Charger de l’exécution de quelque chose.<br />Faire + verbe défectif.<br />(Pour préciser les conditions atmosphériques.).<br />","Deux et deux font quatre .<br />Elle faisait celle qui n’entend pas .<br />Trois et quatre font sept .<br />Elle fait travailler dix personnes .<br />Elle faisait éclore des fleurs dans sa serre .<br />Cette tisane fait dormir .<br />"
"aimer","like","love, like, care, cherish, fancy, engage","aimer, adorer, passionner, aimer, ressembler, plaire, souhaiter, se ressembler, aller avec, se soucier, aimer, faire attention à, désirer, s'occuper de, chérir, aimer, veiller, attacher à, rester dans la tête, aimer, penser, se figurer, avoir envie, s'imaginer, embaucher, engager, participer, susciter, attirer, aimer","estimer, tenir à, baiser, vouloir, venir, souhaiter, faire l'amour, estimer, apprécier, tenir à, chérir, dorloter, choyer, baiser, savoir, faire l'amour, foutre, niquer, enconner, avoir, fourrer, connaître, enculer, vouloir, estimer, faire l'amour, apprécier, jouir, venir, prier, réitérer, souhaiter, vouloir, faire l'amour, ne pas aimer, aimer mieux, aimer beaucoup, faire aimer","Éprouver de l’affection, de la tendresse, de la sympathie pour quelqu’un.<br />Être amoureux de quelqu’un.<br />Avoir du goût pour quelque chose.<br />Éprouver une affection, un amour mutuels.<br />","Il l’aime à la folie .<br />Aimer la lecture .<br />Laurence aime son frère .<br />"
"toi, tu ne sais pas comme t’y prendre","you, you do not know how to go about it","","","","",""
"comme","as","as, since, as though, like this, like that, as, like, per, such as","comme, ainsi, puisque, ainsi que, alors que, étant donné que, puisque, comme, depuis que, dès lors que, comme si, comme, comme, comme, comme, en tant que, en qualité que, comme, par, suivant, comme, comme, tel que","si, tellement, aussi, ainsi, si, tellement, ainsi, aussi, alors, tellement, ainsi, aussi, tant, puisque, même, également, quand, que, ainsi, comme ça, comme convenu, comme d'habitude, comme prévu, comme quoi, comme vous voulez, comme cela, comme toujours, comme il faut, comme si","Combien, à quel point.<br />Ainsi que, de la même manière que.<br />La conjonction comme introduit une proposition circonstancielle :.<br />De manière. De la façon dont.<br />De cause. Puisque.<br />De temps. Tandis que.<br />","Lent comme une tortue .<br />J’ai planté ces fleurs comme vous le désiriez .<br />Comme il pleuvait, la promenade a été remise .<br />Comme nous arrivions, le soleil se montra .<br />"
"t'y","you there","","","","",""
"prendre","take","take, assume, acquire, have, catch, pick up, take up, take in, capture, seize, take over, drink, get on, occupy, catch on, charge, come over, make a note of, cut, book","prendre, emporter, faire, tirer, reprendre, saisir, assumer, supposer, prendre, présumer, admettre, adopter, acquérir, obtenir, prendre, gagner, avoir, posséder, prendre, comporter, tenir, comprendre, attraper, prendre, capturer, saisir, attirer, pêcher, ramasser, prendre, reprendre, capter, capter, relever, prendre, adopter, absorber, embrasser, lever, faire monter, prendre, recevoir, saisir, recueillir, reprendre, englober, capturer, capter, prendre, arrêter, faire capturer, s'emparer de, saisir, prendre, gripper, confisquer, se saisir de, capturer, prendre, prendre la relève, occuper, se charger de, prendre le pouvoir, adopter, boire, consommer, prendre, manger, absorber, prendre une boisson, prendre, monter, continuer, poursuivre, réussir, réaliser, occuper, prendre, remplir, habiter, absorber, résider dans, prendre, comprendre, se répandre, devenir populaire, charger, facturer, demander, accuser, inculper, prendre, prendre, prendre, couper, réduire, tailler, trancher, sabrer, prendre, réserver, louer, inscrire, retenir, prendre, enregistrer","recueillir, élire, faire, assumer, tenir, contempler, grossir, abonner, payer, reprendre, amener, être, obtenir, attaquer, conduire, demander, retenir, avoir, avancer, louer, choper, occuper, atteindre, former, éprouver, entamer, reposer, lire, confisquer, consommer, subir, être debout, recueillir, recevoir, élire, choisir, sélectionner, opter, faire, être, assumer, recueillir, accepter, permettre, admettre, recevoir, tenir, contempler, regarder, considérer, grossir, assumer, adopter, obtenir, supposer, arrêter, abonner, tenir, faire, payer, reprendre, choisir, amener, obtenir, être, avoir, contracter, devenir, être, avoir, devoir, tenir, obtenir, être, avoir, laisser, devoir, tenir, permettre, devenir, recevoir, rendre, être, avoir, devoir, attaquer, agresser, conduire, aller, recueillir, comporter, accepter, faire, rendre, demander, appeler, passer, réunir, recueillir, ramasser, collecter, collectionner, retenir, faire, donner, être, avoir, devoir, tenir, rendre, recueillir, être, avoir, devoir, accepter, tenir, admettre, recevoir, avoir, avancer, se passer, progresser, arriver, continuer, louer, amener, apporter, tenir, transporter, choper, arrêter, saisir, occuper, atteindre, endurer, obtenir, être, subir, avoir, souffrir, devoir, tenir, continuer, devenir, recevoir, former, entraîner, rechercher, éprouver, être, avoir, devoir, tenir, entamer, maintenir, procéder, se passer, diriger, arriver, continuer, reposer, distinguer, privilégier, posséder, être, mentionner, avoir, comporter, devoir, ressembler, tenir, paraître, demeurer, disposer, lire, tenir, confisquer, assumer, reprendre, adopter, supposer, usurper, saisir, consommer, subir, soumettre, assumer, adopter, souffrir, supposer, accepter, admettre, recevoir, être debout, lever, dresser, situer, assumer, adopter, supposer, prendre une douche, prendre conscience, prendre soin, prendre en charge, prendre soin de, prendre une décision, prendre un bain, prendre des vacances, prendre une photo, prendre en considération","Saisir.<br />Absorber de la nourriture, une boisson.<br />Contracter une maladie.<br />Choisir.<br />Utiliser.<br />Considérer comme.<br />Choisir un chemin, une direction.<br />Épaissir.<br />Amorcer la combustion, en parlant d’un feu.<br />Réussir.<br />S’enraciner.<br />Se saisir réciproquement.<br />Se laisser captiver, séduire.<br />S’accrocher.<br />","Prendre quelqu’un pour un fou .<br />Prends la crème glacée aux pistaches, elle est très bonne .<br />Prenez les moyens, les précautions qui s’imposent .<br />Prendre un crayon et un papier .<br />Prendre un repas .<br />Prendre un rhume .<br />"
"ta gorge resserrer, et ton cœur bat de plus belle","tighten your throat and your heart beats more beautiful","","","","",""
"ta","your","your, your, thy","votre, vos, tes, ton, ta, votre, vos, tes, ton, ta, à vous, tes, ton, ta","à ta place, à ta guise","Déterminant possessif féminin de la deuxième personne du singulier qui détermine le nom en indiquant le « possesseur » de l’objet désigné. Il s’accorde en genre et en nombre avec le nom déterminé.<br />Le déterminant possessif s’accorde en personne avec le nom désignant le « possesseur ». Ainsi, le déterminant possessif ta renvoie à un seul « possesseur » d’un être, d’un objet de genre féminin.<br />","Ta chambre .<br />Ta bicyclette (un seul possesseur) me plaît beaucoup .<br />"
"gorge","throat","throat, groove, gorge, canyon, fauces, throttle, crag","gorge, gosier, rainure, gorge, cannelure, strie, routine, onglet, gorge, passage, gosier, ventre, canyon, gorge, gorge, accélérateur, papillon des gaz, gorge, pointeau, rocher à pic, cou, gorge","pharynx, luette, suppositoire, cou, gorger, soutien gorge, mal de gorge, soutien-gorge, rouge-gorge, avoir un chat dans la gorge, J'ai mal à la gorge.","Partie du cou.<br />Seins de la femme.<br />Région située au fond de la bouche.<br />Vallée étroite et profonde aux versants rocheux escarpés (Recomm. off.).<br />","Ce foulard couvre sa gorge .<br />Avoir mal à la gorge .<br />"
"resserrer","tighten","tighten, narrow, bind","serrer, resserrer, renforcer, tendre, ajuster, se tendre, réduire, restreindre, limiter, rétrécir, resserrer, se rétrécir, lier, engager, attacher, obliger, ligoter, resserrer","contraindre, raidir, imposer, astreindre, limiter, obliger, renforcer, se resserrer","Serrer davantage.<br />Se renfermer dans des limites plus étroites.<br />Devenir plus étroit.<br />","Il faut resserrer les cordages .<br />La surveillance s’est resserrée autour du suspect .<br />"
"cœur","heart","heart, ticker, core, bosom, depth","cœur, fond, conscience, tendresse, humeur, mémoire, téléscripteur, cœur, téléimprimeur, palpitant, montre, noyau, cœur, essentiel, fondamentale, trognon, sein, poitrine, cœur, seins, corsage, milieu, profondeur, fond, profond, cœur, entrailles, milieu","pompe, affection, sein, somme, central, nerf, pompe, affection, amour, tendresse, tendance, sein, somme, noyau, coeur, centre, substance, essentiel, viande, fond, moelle, central, noyau, nerf, prouesse, par cœur, au cœur brisé, sans cœur, apprendre par cœur, cœur de pierre, crève-cœur, J'ai mal au cœur., au cœur de, battement du cœur","Muscle qui règle la circulation du sang.<br />Poitrine.<br />Centre des émotions.<br />Centre.<br />Une des couleurs du jeu de cartes.<br />","Une opération à cœur ouvert .<br />Elle serrait son enfant sur son cœur .<br />Avoir le cœur en fête .<br />Le cœur de la ville .<br />Je déclare « trois cœurs » .<br />"
"bat","beats","","","bât, battre","",""
"belle","beautiful","fine, pretty, comely, shapely, belle","fin, beau, belle, excellent, raffiné, agréable, joli, belle, beau, agréable, mignon, coquet, belle, beau, charmant, galbé, bien fait, belle, bien galbé, bien proportionné, beau, belle, beauté","beau, beau, belle femme, belle fille, belle-mère, belle-fille, belle famille, belle gosse, à la belle étoile, belle au bois dormant, belle-sœur, femme belle","",""
"alors que tes yeux sont sur elle","while your eyes are on it","","","","",""
"alors","so","then, yet, here","puis, alors, ensuite, lors, aussi, bon, encore, toujours, alors, déjà, même, quand même, ici, voilà, alors","jusqu'à présent, bien, ensuite, si, lors, jusqu'à présent, jusqu'alors, jusqu'à maintenant, encore, jusqu'ici, bien, ensuite, puis, si, tellement, ainsi, aussi, comme, bien, comme ça, proprement, bon, lors, puis, donc, bien, bon, alors que, et alors, jusqu'alors, alors même que, Zut alors!, Et alors?, alors même","À une certaine époque.<br />En conséquence.<br />","Ils avaient alors une jolie maison à la campagne .<br />Il était toujours en retard, alors la directrice a dû le réprimander .<br />"
"tes","your","your, your, thy","votre, vos, tes, ton, ta, votre, vos, tes, ton, ta, à vous, tes, ton, ta","","Déterminant possessif pluriel de la deuxième personne du singulier qui détermine le nom en indiquant le « possesseur » de l’objet désigné. Il s’accorde en genre et en nombre avec le nom déterminé.<br />Le déterminant possessif s’accorde en personne avec le nom désignant le « possesseur ». Ainsi, le déterminant possessif tes renvoie à un seul « possesseur » de plusieurs êtres, de plusieurs objets.<br />","Tes jouets .<br />Fanny, joue avec tes animaux! (un seul possesseur) .<br />"
"yeux","eyes","","","œil, oeil, fermer les yeux, cligner des yeux, les yeux ouverts, yeux bridés, baisser les yeux, lever les yeux, bander les yeux, sauter aux yeux, regarder dans les yeux, plisser les yeux","Pluriel de œil.<br />","Des yeux verts .<br />"
"sont","are","be, exist","être, devenir, exister, venir, aller, coûter, exister, être, vivre, subsister","prendre, suivre, reposer, dessiner, affecter, être aux écoutes, lier, représenter, obtenir, se trouver, égaler, amener, retenir, fournir, atteindre, reproduire, se tirer, coûter, éprouver, vivre, exister, contenir, faire, prendre, faire, suivre, reposer, distinguer, privilégier, définir, mentionner, qualifier, caractériser, ressembler, paraître, demeurer, dessiner, tirer, obtenir, avoir, devenir, recevoir, rendre, affecter, viser, conduire, obtenir, tendre, avoir, évoluer, aboutir, évaluer, aller, devenir, rendre, être aux écoutes, lier, représenter, constituer, prendre, amener, obtenir, avoir, contracter, devenir, lier, correspondre, apporter, obtenir, avoir, devenir, recevoir, prendre, avoir, devoir, tenir, prendre, obtenir, avoir, laisser, devoir, tenir, permettre, devenir, recevoir, rendre, se trouver, prendre, avoir, devoir, égaler, amener, obtenir, avoir, apporter, aboutir, devenir, recevoir, transporter, rendre, retenir, prendre, faire, donner, avoir, devoir, tenir, rendre, fournir, grandir, obtenir, rédiger, développer, avoir, fabriquer, publier, créer, élaborer, produire, aboutir, devenir, recevoir, rendre, atteindre, avoir, comprendre, devenir, recevoir, prendre, recueillir, avoir, devoir, accepter, tenir, admettre, recevoir, reproduire, générer, obtenir, avoir, engendrer, concevoir, devenir, recevoir, rendre, représenter, faire, venir, avoir, aller, se tirer, obtenir, avoir, décaniller, enculer, décamper, dégager, devenir, ficher le camp, coûter, prendre, atteindre, endurer, obtenir, subir, avoir, souffrir, devoir, tenir, continuer, devenir, recevoir, éprouver, prendre, avoir, devoir, tenir, vivre, exister, reposer, distinguer, prendre, privilégier, posséder, mentionner, avoir, comporter, devoir, ressembler, tenir, paraître, demeurer, disposer, contenir, composer, comprendre, comporter, obtenir, avoir, devenir, recevoir, rendre, faire, venir, avoir, aller, atteindre, obtenir, avoir, parvenir, devenir, peut-être, peut être, être au courant, être humain, bien-être, être en forme, être pressé, être en vacances, bien être, être malade","Exister, avoir une réalité.<br />VERBE RELIANT L’ATTRIBUT AU SUJET.<br />Le verbe être établit la relation entre le sujet et l’attribut.<br />Se situer.<br />Se trouver.<br />Appartenir.<br />S’occuper à.<br />Tendre vers.<br />Faire partie de.<br />Venir de, être originaire de.<br />Donner son soutien à.<br />AUXILIAIRE DE CONJUGAISON.<br />L’auxiliaire être sert à conjuguer :.<br />AUXILIAIRE DE TEMPS.<br />","« Je pense, donc je suis »<br />Les érables sont magnifiques .<br />La ville de Trois-Rivières est au nord du Saint-Laurent .<br />Ils seront à Paris en mai .<br />Cette maison est à elle .<br />Être à son travail .<br />Le temps est à la neige .<br />Être de la fête, d’une société donnée .<br />Geneviève est de Montréal .<br />Elle est pour l’indépendance du Québec .<br />"
"sur","sure","on, to, about, over, at, upon, onto, with, across, along, against, after, before","sur, dans, par, au bord de, à, de, pour, vers, sur, en, sur, au sujet de, vers, à peu près, plus de, sur, pendant, au cours de, tout près, tout droit, à, de, sur, en, vers, à propos de, sur, à, sur, avec, à, de, sur, à travers, sur, de l'autre côté, le long de, sur, dans, avec, contre, sur, vis à vis, en opposition avec, en échange de, en vue de, après, derrière, malgré, sur, vers, ci-après, avant, devant, en présence de, sur, plutôt que de","sûr, sur place, sur le sol, sur la table, compter sur, sur le terrain, sur ce, taxe sur la valeur ajoutée, reposer sur, sur le dos, sur quoi","En haut, au sommet de.<br />À la surface.<br />Dans la direction de.<br />Au sujet de.<br />D’après.<br />Par rapport à (un nombre).<br />Qui a un goût acide.<br />","Sur le toit, sur la colline, sur la tête, sur un cheval .<br />Sur la terre .<br />Tourner sur la gauche .<br />Il fait des recherches sur la plasticité du cerveau .<br />On ne peut juger sur les apparences .<br />Sur dix personnes consultées, huit nous ont donné leur avis .<br />Une pomme sure .<br />"
"elle","it","it, she, her, herself","il, elle, le, ce, cela, la, elle, celle, ceci, elle, lui, la, celle, à elle, l', se, elle, elle-même","à elle, elle-même, elle même","Pronom personnel féminin de la troisième personne qui est toujours sujet du verbe.<br />","Elle aime .<br />"
"mais moi, je ne t’oublierai pas et je compte sur toi","but I will not forget you, and I count on you","","","","",""
"moi","I","me, I, us, ego","me, moi, je, moi, nous, moi, ego, moi, arrogance","autodétermination, ego, arrêt, Maine, position, égotisme, autodétermination, ego, arrêt, gouvernement, avis, œil, règlement, déclaration, vue, jugement, tenue, décision, penser, opinion, Maine, position, œil, vue, vision, penser, opinion, égotisme, pour moi, chez moi, c'est moi, avec moi, selon moi, et moi aussi, de moi, pas moi, à moi, devant moi","La personne humaine.<br />Égocentrisme.<br />L’un des trois éléments de la structure psychique qui équilibre les pulsions instinctives et inconscientes (le ça ) et la censure (le surmoi ).<br />Pronom personnel masculin et féminin de la première personne du singulier.<br />EMPLOIS.<br />","Tu ne penses qu’à ton moi .<br />"
"je","I","I","je, moi","iode, je ne sais pas, je vous en prie, je suis désolé, je regrette, je pense que, je vous en pris, si je pouvais, je crois que oui, je vais mieux, je me sens mieux","Pronom personnel masculin et féminin de la première personne du singulier, qui est toujours sujet du verbe.<br />","Je fais de la bicyclette, je lis .<br />"
"t'oublierai","forget you","","","","",""
"compte","account","account, score, counting, reckoning, tally, cost","compte, considération, compte rendu, explication, profit, valeur, score, partition, note, marque, compte, rayure, compte, dénombrement, calcul, recensement, calcul, compte, estime, règlement de compte, addition, pointage, compte, score, étiquette, taille à encoche, baguette, coût, prix, dépense, compte","récit, considération, érythrocyte, comptabilité, facture, explication, récit, renseignement, histoire, rapport, étage, description, considération, érythrocyte, comte, comptabilité, facture, explication, considération, administration, carton, directoire, carte, compter, compte rendu, compte bancaire, se rendre compte, relevé de compte, compte courant, tenir compte, numéro de compte, compte en banque, rendre compte, compte à rebours","Évaluation d’une quantité.<br />État de ce que l’on a et de ce que l’on doit dans une banque, une caisse populaire.<br />Tableau où figurent, en débits ou en crédits, les variations de l’actif ou du passif et les résultats.<br />","Le compte n’y est pas .<br />Jules a demandé le solde (et non la *balance) de son compte d’épargne .<br />Un compte bancaire .<br />"
"pour venir en aide","to help","","","","",""
"pour","for","for, to, of, towards, toward","pour, pendant, depuis, malgré, à, de, pour, vers, sur, en, de, en, pour, vers, pour, du côté de, dans la direction, à l'égard de, vis-à-vis, vers, pour, du côté de, dans la direction, à l'égard","envers, pour que, pour toujours, pour moi, pour le moment, pour commencer, pour eux, pour nous, pour l'instant, pour la vie, pour toi","Ce qui est favorable, le bon côté.<br />À la place de.<br />En vue de, afin de.<br />À destination de.<br />À cause de.<br />Parce que.<br />Afin de.<br />Même si.<br />En échange de.<br />","Il m’a prise pour une autre .<br />Pour réussir, il faut travailler .<br />Prendre l’avion pour Montréal .<br />Cette voiture est appréciée pour sa faible consommation d’essence .<br />Pour avoir aimé beaucoup, il a été très heureux .<br />Faire de l’exercice pour être en forme .<br />Cette hypothèse, pour être exacte, n’explique pas tout .<br />J’ai acheté ce manteau pour 200&nbsp;$ .<br />"
"venir","come","come, be, reach","venir, arriver, aller, se produire, jouir, arriver à, être, devenir, exister, venir, aller, coûter, atteindre, accéder, arriver, arriver à, obtenir, venir","arriver, approcher, aimer, entrer, suivre, compter, découler, représenter, grêler, avoir lieu, relever, faire, arriver, approcher, aimer, prier, réitérer, entrer, arriver, suivre, provenir, arriver, compter, découler, provenir, descendre, arriver, dériver, représenter, faire, être, avoir, aller, grêler, arriver, avoir lieu, se passer, entrer, arriver, relever, entrer, arriver, devenir, faire, arriver, aller, faire, être, avoir, aller, venir de, à venir, faire venir, dans les jours à venir, venir en aide, venir chercher, aller et venir, venir à l'esprit, venir avec, continuer de venir","Se transporter d’un lieu à un autre.<br />Provenir de.<br />Atteindre, parvenir.<br />Naître, être produit.<br />Vienne, viennent . Placé en début de phrase, le verbe au subjonctif exprime un souhait dans un registre littéraire.<br />","Elle viendra nous voir demain .<br />Ces belles pivoines viennent de la campagne .<br />Cela ne m’était pas venu à l’esprit .<br />Marie-Ève est venue au monde le 31&nbsp;juillet 1976 .<br />Vienne l’été, viennent les beaux jours, nous irons à la mer .<br />"
"en","in","in, into, to, at, of, during, thereof","dans, en, à, chez, dedans, au bout de, dans, en, dedans, de très près, à, de, pour, vers, sur, en, à, de, sur, en, vers, à propos de, de, en, pour, pendant, durant, en, au cours de, dans, lorsque, en, de cela","après, postérieurement, ensuite, par la suite, prochainement, puis, derrière, ultérieurement, subséquemment, en effet, en cours, en plus, en revanche, en haut, mettre en place, en bas, en attendant, en fait, en fonction de","Préposition qui marque un rapport de lieu, de temps, une notion de forme, de matière, de manière.<br />Pronom qui peut remplacer de suivi d’un groupe nominal, d’un complément de verbe ou d’un complément de nom.<br />","Une table en chêne .<br />De ce grand voyage autour du monde, ils en rêvent .<br />"
"aide","aid","aid, assistance, relief, succor, succour, aide, assistant, helpmate, encouragement, lift, mate, office, lender, hodman, comfort","aide, assistance, assistance, aide, secours, relief, soulagement, aide, assistance, exonération, secours, aide, abri, secours, aide, abri, aide, assistant, assistant, aide, auxiliaire, aide, compagnon, époux, assistant, encouragement, incitation, soutien, appui, aide, ascenseur, assistance, cric, aide, cargaison, haussement, mat, camarade, copain, second capitaine, collègue, aide, bureau, office, charge, fonction, cabinet, aide, prêteur, aide, apprenti, aide, confort, réconfort, consolation, aide, bien-être","ressource, utilité, soin, bénéficier, assistant, entraide, assistance, soutien, ressource, refuge, recours, utilité, avantage, intérêt, salut, bénéfice, profit, soin, attention, bénéficier, avantage, bénéfice, profit, assistant, adjoint, entraide, assistance, secours, soutien, appui, assistance, coopérant, entraide, secours, aider, Merci pour votre aide., venir en aide, aide sociale, aide de camp, venir à l'aide de, demander l'aide","Appui, assistance.<br />Personne qui seconde quelqu’un dans une fonction.<br />","Nous avons besoin de votre aide .<br />"
"à ceux qui ressentent pour toi, ce que tu écris dans ces chansons pour elle","to those who feel for you, what you write in these songs for her","","","","",""
"ceux","those","those, these, who, such","ceux, celles, elles, ils, ces, ceux, celles, qui, ceux, celles, ceux, celles","ceux-ci, ceux-là","",""
"ressentent","feel","feel, experience, be affected by","sentir, toucher, ressentir, éprouver, croire, palper, rencontrer, éprouver, vivre, découvrir, connaître, ressentir, ressentir","rétorquer, estimer, conclure, sentir, éprouver, croire, sembler, imaginer, chercher, juger, parvenir, deviner, considérer, imprimer, rencontrer, dégager, trouver, voir, rechercher, penser, sentir, éprouver","Éprouver plus ou moins vivement.<br />Éprouver les suites de.<br />","Il ressent une douleur à la nuque .<br />"
"ce","this","this, it, that, that","cette, ce, cet, ces, ceci, celui-là, il, elle, le, ce, cela, la, que, qui, ce, celle, celui, cela, ce, cette, cet, ces","ce soir, en ce moment, en ce qui concerne, dans ce cas, pendant ce temps, ce matin, jusqu'à ce que, Qu'est-ce que c'est?, sur ce, à ce sujet","Ce pronom démonstratif invariable représente un nom, un infinitif, une proposition. Il désigne la personne ou la chose dont on parle.<br />SUJET IMPERSONNEL.<br />Ce + consonne.<br />C’ + voyelle.<br />C’est + nom au singulier.<br />C’est + pronom. Les pronoms singuliers, moi, toi, lui, elle, et les pronoms pluriels, nous, vous.<br />C’est + que.<br />C’est + quantité.<br />Ce sont + nom au pluriel.<br />Ce sont + eux, elles.<br />Ce ne sont pas + eux, elles.<br />COMPLÉMENT DIRECT.<br />Cela.<br />","Faites ce que je vous dis et non ce que je fais .<br />Ce sera une belle journée .<br />C’était hier. Ç’aurait pu être très agréable .<br />C’est une jolie maison .<br />C’est nous qui viendrons .<br />C’est à compter de demain que les prix augmentent .<br />C’est 5&nbsp;$ le kilo .<br />Ce sont des tulipes .<br />Ce sont elles qui ont le mieux répondu .<br />Ce ne sont pas eux qui ont payé .<br />Le gouvernement veut accroître la présence du français dans Internet : pour ce faire, il subventionnera la production d’outils informatiques en français .<br />"
"écris","write","write, pen, write down, write out, spell, drop, inscribe, note, scribe, draft, draught","écrire, rédiger, noter, composer, tracer, mettre en musique, écrire, parquer, écrire, noter, enregistrer, écrire, rédiger, noter, épeler, orthographier, écrire, ensorceler, se relayer, expliquer bien, tomber, abandonner, laisser tomber, baisser, supprimer, écrire, inscrire, écrire, graver, imprimer, dédicacer, dédier, noter, constater, remarquer, prendre note de, écrire, faire attention si no, écrire, rédiger, préparer, dresser, esquisser, dessiner, écrire, rédiger, préparer, dresser, esquisser, dessiner, écrire","composer, rédiger, publier, créer, composer, compiler, composer, rédiger, composer, rédiger, adresser, rédiger, publier, rédiger, épeler, formuler, créer, machine à écrire, écrire une lettre, écrire un message, écrire un article, écrire un rapport","Tracer les caractères d’un système d’écriture.<br />Orthographier.<br />Composer.<br />Communiquer par écrit avec quelqu’un.<br />Exprimer sa pensée à l’aide de l’écriture.<br />S’orthographier.<br />Correspondre avec quelqu’un, s’envoyer des lettres, des courriels.<br />","Écrire un poème, un article sur un sujet politique .<br />Il m’a écrit qu’il viendrait .<br />Écrire un message sur un bout de papier .<br />Comment écris-tu ce nom? Son nom s’écrit avec deux l .<br />"
"dans","in","in, into, within, on, inside, during, along, aboard","dans, en, à, chez, dedans, au bout de, dans, en, dedans, de très près, dans, à moins de, sous, dans les limites, selon, à l'intérieur de, sur, dans, par, au bord de, dans, à l'intérieur de, pendant, durant, en, au cours de, dans, lorsque, le long de, sur, dans, avec, à bord, dans","dan, dans le but de, dans ce cas, dans le monde entier, dans la mesure où, dans tous les cas, dans l'attente, partout dans le monde, dans le cas contraire, dans la nature, dans une heure","Cette préposition marque :.<br />Un lieu.<br />Le temps.<br />Une situation.<br />Une tendance, une intention.<br />","Mettre ses clés dans sa poche .<br />Nous comptons terminer dans un an .<br />Dans le doute, il vaut mieux s’abstenir .<br />Dans l’intérêt de notre groupe .<br />"
"ces","these","these, this, that","ces, ceux, celles, cette, ce, cet, ces, ceci, celui-là, ce, cette, cet, ces","ces derniers jours, dans ces conditions, ces jours, dans ces jours","",""
"chansons","songs","song, track","chanson, chant, ramage, petite somme, prix bas, piste, voie, chanson, morceau, trace, rail","chant, ballade, chanter une chanson, chanson populaire, chanson noire triste","Pièce de vers qui se chante.<br />","Une belle chanson de Félix Leclerc .<br />"
"francis, je m’en vais bientôt et je pense très très fort à toi","francis, I'm about and I think very, very hard for you","","","","",""
"m'en","me","","","","",""
"vais","will","go, proceed, travel, come, do, be, strike off, repair","aller, partir, passer, aller à, devenir, marcher, procéder, poursuivre, continuer, passer, aller, agir, voyager, déplacer, parcourir, aller, visiter, faire un voyage, venir, arriver, aller, se produire, jouir, arriver à, faire, effectuer, accomplir, exécuter, mettre, aller, être, devenir, exister, venir, aller, coûter, tirer, aller, réparer, remettre en état, remédier à, rénover, refaire, aller","faire, vouloir, affecter, passer, conduire, chasser, amener, chevaucher, consacrer, asseoir, voyager, prendre, circuler, appartenir à, représenter, contraindre, soutenir, négliger, se marier, piloter, travailler, faire, devenir, faire, vouloir, permettre, affecter, viser, conduire, obtenir, tendre, être, avoir, évoluer, aboutir, évaluer, devenir, rendre, passer, partir, faire, départir, disparaître, dire, devenir, passer, partir, faire, conduire, rendre, passer, faire, dire, chasser, conduire, rendre, amener, conduire, mener, diriger, chevaucher, conduire, repousser, chevaucher, conduire, consacrer, destiner, allouer, asseoir, chevaucher, passer, partir, faire, dire, devenir, voyager, passer, fonctionner, partir, écouler, faire, tester, courir, devenir, marcher, passer, fonctionner, partir, faire, dire, courir, devenir, marcher, prendre, conduire, circuler, déplacer, voyager, marcher, appartenir à, passer, faire, dire, appartenir, devenir, représenter, faire, venir, être, avoir, contraindre, conduire, imposer, rendre, soutenir, cohabiter, passer, vivre, partir, faire, survivre, tenir le coup, traverser, dire, hier, accommoder, résider, continuer, demeurer, devenir, durer, faire, effectuer, rendre, négliger, passer, sortir avec, distribuer, partir, faire, dire, mourir, tomber en panne, faillir, devenir, abandonner, conduire, pousser, rendre, se marier, conduire, passer, partir, faire, dire, procéder, devenir, faire, venir, arriver, piloter, conduire, faire, venir, être, avoir, travailler, circuler, conduire, pousser, rouler, remorquer, aller et retour, aller-retour, s'en aller, aller simple, aller plus loin, aller à, aller au cinéma, aller tout droit, aller bien, aller dormir","Se déplacer en s’éloignant du lieu où l’on se trouve.<br />Se sentir.<br />Convenir.<br />Marcher, fonctionner, en parlant d’une chose.<br />","Nous allons au parc .<br />Comment ça va? Je vais mieux depuis que je suis en vacances .<br />Ce vert va bien avec le jaune maïs .<br />Mon nouveau vélo va très vite .<br />"
"bientôt","soon","soon, shortly, presently, before long, almost, speedily, sometime, in the near future","bientôt, tôt, vite, prochainement, bientôt, sous peu, brièvement, sèchement, tout de suite, actuellement, bientôt, en ce moment, bientôt, presque, quasi, quasiment, bientôt, pas loin de, rapidement, bientôt, vite, un jour, bientôt, bientôt","incessamment, prochainement, présentement, actuellement, maintenant, de nos jours, aujourd'hui, bien tôt, À bientôt!","Dans peu de temps.<br />","À bientôt!<br />"
"pense","think","","","penser","",""
"très","very","very, highly, much, greatly","très, bien, tout, exactement, seul, effectivement, très, hautement, fortement, extrêmement, fort, beaucoup, très, fort, considérablement, très, fort, bien, vivement, de beaucoup","plus, vraiment, beaucoup, positivement, invraisemblablement, plus, maintenant, vraiment, beaucoup, vraiment, nettement, maint, vivement, positivement, invraisemblablement, incroyablement, inconcevablement, prodigieusement, très bien, très fort, très peu, très souvent, très loin, très important, très tôt, très bon, très cher, très intéressant","Extrêmement.<br />","Cette jeune fille est très intelligente .<br />"
"fort","fort","strong, hard, great, large, heavy, big, loud, intense, potent, stiff, stout, broad, hefty, fierce, generous, heroic, youthful, spanking, driving, able-bodied, fort, forte, suit, highly, much, greatly","fort, solide, puissant, robuste, vigoureux, énergique, dur, difficile, fort, rude, pénible, ferme, grand, super, génial, important, immense, fort, grand, large, gros, vaste, nombreux, fort, lourd, gros, épais, fort, intense, dense, grand, gros, important, fort, ambitieux, marquant, fort, bruyant, sonore, grand, très haut, criard, intense, vif, fort, violent, énorme, passionné, puissant, efficace, fort, actif, convaincant, viril, rigide, raide, dur, fort, solide, guindé, gros, solide, robuste, fort, vigoureux, corpulent, large, vaste, général, grand, immense, fort, lourd, gros, costaud, fort, féroce, violent, acharné, intense, furieux, fort, généreux, copieux, ample, abondant, fort, plantureux, héroïque, noble, fort, gros, jeune, juvénile, fraîche, fort, fort, épatant, impérieux, pressant, sévère, fort, robuste, fort, solide, fort, fortin, fort, costume, combinaison, poursuite, complet, couleur, fort, très, hautement, fortement, extrêmement, fort, beaucoup, très, fort, considérablement, très, fort, bien, vivement, de beaucoup","élevé, moite, ample, solide, présent, dur, voyant, puissant, grand, élevé, supérieur, haut, moite, ample, entier, plein, solide, rauque, robuste, présent, puissant, élevé, supérieur, éminent, haut, dur, difficile, sévère, méchant, voyant, économique, tapageur, criard, bariolé, dur, présent, puissant, puissant, chaud, solide, présent, puissant, robuste, puissant, grand, solide, puissant, robuste, à haute voix, particulièrement, fortement, haut, à haute voix, haut, particulièrement, haut, fortement, haut, haut, très fort, trop fort, point fort, coffre-fort, parler plus fort, le plus fort, parler fort, homme fort, courant fort, château fort","Qui a de la force, puissant, robuste.<br />Habile, doué.<br />Courageux, énergique.<br />Grand, intense.<br />Solide, résistant.<br />Très.<br />Avec force.<br />Ouvrage de fortification autrefois destiné à protéger un lieu stratégique (Recomm. off.).<br />","Cette famille est demeurée forte malgré une grande épreuve .<br />Une forte somme .<br />La tente est fabriquée avec une toile très forte .<br />Parlez plus fort, je ne vous entends pas bien .<br />Le fort Sainte-Hélène .<br />"
"pendant que mes doigts au piano te jouent tout ce que je te dois","while my fingers play the piano all I owe you you","","","","",""
"mes","my","my","mes, mon, ma","à mes côtés","Déterminant possessif pluriel de la première personne du singulier qui détermine le nom en indiquant le « possesseur » de l’objet désigné. Il s’accorde en genre et en nombre avec le nom déterminé.<br />Le déterminant possessif s’accorde en personne avec le nom désignant le « possesseur ». Ainsi, le déterminant possessif mes renvoie à un seul « possesseur » de plusieurs êtres, de plusieurs objets.<br />","Mes livres .<br />Regarde mes patins à roulettes (un seul possesseur) et notre nouvelle tondeuse (plusieurs possesseurs) .<br />"
"doigts","fingers","claw","griffe, serre, ongle, pattes, doigts","doigt","",""
"au","the","","","au revoir, au moins, au lieu de, au contraire, au plus tard, au début, au fait, au dessus, au-dessus, au milieu","Au . Forme contractée de la préposition à et de l’article masculin le.<br />Aux . Forme contractée de la préposition à et de l’article masculin et féminin les.<br />","Les pommiers fleurissent au printemps .<br />Étienne a écrit aux copains de l’été .<br />"
"piano","piano","piano, gently, piano","piano, doucement, gentiment, avec douceur, sans forcer, piano, piano","mou, jouer du piano, jouer au piano, piano à queue, piano droit","Instrument de musique à clavier dont les cordes sont frappées par de petits marteaux.<br />","Des pianos à queue .<br />"
"jouent","play","play, represent, act, move, perform, game, back, play out, sport, feature, start, play about, play over, strike, ply","jouer, jouer de, faire, interpréter, passer, jouer contre, représenter, figurer, déclarer, exposer, interpréter, jouer, agir, jouer, servir de, se comporter, jouer un rôle, exécuter, déplacer, se déplacer, bouger, avancer, progresser, jouer, effectuer, accomplir, exécuter, réaliser, faire, jouer, jouer, parier, ridiculiser, soutenir, appuyer, reculer, faire reculer, jouer, accompagner, jouer, arborer, jouer, batifoler, se moquer de, s'amuser, s'ébattre, figurer, faire figurer, se figurer, jouer, faire distinguer, commencer, démarrer, partir, débuter, entamer, jouer, jouer, tripoter, s'amuser, s'ébattre, jouer, frapper, rayer, heurter, attaquer, toucher, jouer, manier, exercer, naviguer sur, jouer, voguer sur, voyager beaucoup","représenter, présenter, feindre, travailler, courir, parier, sembler, monter, danser, représenter, offrir, promulguer, édicter, présenter, représenter, accomplir, présenter, exécuter, représenter, travailler, amener, fonctionner, apporter, causer, procurer, déterminer, présenter, représenter, présenter, représenter, sembler, agir, présenter, présenter, feindre, simuler, faire semblant, travailler, fonctionner, sembler, procéder, agir, opérer, courir, parier, sembler, agir, sembler, procéder, agir, représenter, occuper, présenter, monter, représenter, rencontrer, représenter, danser, représenter, occuper, jouer aux cartes, jouer un rôle, jouer de la batterie, jouer au football, jouer au tennis, jouer le jeu, jouer du piano, jouer aux billes, carte à jouer, cartes à jouer","Mettre en jeu, lancer, déplacer.<br />Interpréter.<br />Risquer.<br />Feindre.<br />Se divertir avec un jeu.<br />Se servir d’un instrument de musique.<br />Se distraire, se livrer à des jeux.<br />Exécuter.<br />Se moquer de.<br />","Il joue son poste, elle joue gros jeu .<br />Ne jouez pas la surprise, vous étiez au courant .<br />Jouer une balle, un pion .<br />Il jouait un air connu .<br />"
"dois","have","have to, owe","devoir, avoir à, falloir, être obligé, devoir","avoir, prendre, retenir, éprouver, reposer, avoir, prendre, être, avoir, tenir, prendre, obtenir, être, avoir, laisser, tenir, permettre, devenir, recevoir, rendre, prendre, être, avoir, retenir, prendre, faire, donner, être, avoir, tenir, rendre, prendre, recueillir, être, avoir, accepter, tenir, admettre, recevoir, prendre, atteindre, endurer, obtenir, être, subir, avoir, souffrir, tenir, continuer, devenir, recevoir, éprouver, prendre, être, avoir, tenir, reposer, distinguer, prendre, privilégier, posséder, être, mentionner, avoir, comporter, ressembler, tenir, paraître, demeurer, disposer, devoir à la maison, devoir de la maison, faire un devoir, devoir conjugal","Avoir à payer (une somme d’argent).<br />Avoir une obligation de reconnaissance à l’égard de quelqu’un, de quelque chose.<br />Être obligé à (quelque chose), avoir des devoirs envers (quelqu’un).<br />Être moralement obligé de.<br />","Il lui doit sa situation .<br />Ils doivent la vérité à leurs parents .<br />"
"et rappelle toi que tu peux avoir le monde à tes pieds","and reminds you that you can have the world at your feet","","","","",""
"rappelle","recalls","","","rappeler","",""
"peux","can","can, may","pouvoir, pouvoir faire, mettre en boîte, virer, mettre en conserve, savoir faire, pouvoir, avoir la possibilité de","conserver, risquer, habiliter, arriver, autoriser, tirer, limoger, licencier, terminer, congédier, renvoyer, pouvoir d'achat, abus de pouvoir, au pouvoir, pouvoir judiciaire, pouvoir faire, prendre le pouvoir, fondé de pouvoir, pouvoir législatif, pouvoir exécutif, pouvoir acheter","Avoir la possibilité, le droit de faire quelque chose.<br />Être capable de faire quelque chose.<br />Avoir l’autorité de, être en mesure de.<br />Être en mesure de.<br />","C’est formidable, Fanny peut dessiner à l’ordinateur! Si tu le peux, viens me voir .<br />La directrice peut décider de fermer l’école s’il y a une tempête de neige .<br />"
"avoir","to have","have, get, hold, possess, own, stock, asset","avoir, posséder, prendre, comporter, tenir, comprendre, obtenir, avoir, trouver, devenir, sortir, gagner, tenir, détenir, contenir, retenir, conserver, avoir, posséder, avoir, détenir, être en possession, prendre possession, se munir de, posséder, avoir, avouer, reconnaître, emmagasiner, ensemencer, avoir, s'approvisionner, atout, biens, avoir, capital, avantage","bien, ministre, conservation, bien, propriété, possession, ministre, conservation, détention, tenue, réussir, devoir, baiser, duper, dessiner, affecter, décevoir, prendre, obtenir, retenir, amener, fournir, atteindre, reproduire, accoucher, représenter, se tirer, posséder, recevoir, éprouver, interroger, reposer, mener, entretenir, faire, réussir, obtenir, acquérir, procurer, devoir, baiser, aimer, savoir, faire l'amour, foutre, niquer, enconner, fourrer, connaître, enculer, duper, rouler, tromper, dessiner, tirer, obtenir, être, devenir, recevoir, rendre, affecter, viser, conduire, obtenir, tendre, être, évoluer, aboutir, évaluer, aller, devenir, rendre, décevoir, trahir, tromper, prendre, amener, obtenir, être, contracter, devenir, obtenir, être, devenir, recevoir, obtenir, recevoir, prendre, être, devoir, tenir, prendre, obtenir, être, laisser, devoir, tenir, permettre, devenir, recevoir, rendre, prendre, être, devoir, retenir, assumer, réunir, dérouler, mener, occuper, recueillir, obtenir, maintenir, acquérir, procéder, procurer, tenir, exercer, prévaloir, payer, amener, obtenir, être, apporter, aboutir, devenir, recevoir, transporter, rendre, retenir, prendre, faire, donner, être, devoir, tenir, rendre, fournir, grandir, obtenir, être, rédiger, développer, fabriquer, publier, créer, élaborer, produire, aboutir, devenir, recevoir, rendre, atteindre, être, comprendre, devenir, recevoir, prendre, recueillir, être, devoir, accepter, tenir, admettre, recevoir, reproduire, générer, obtenir, être, engendrer, concevoir, devenir, recevoir, rendre, accoucher, donner naissance, mettre au monde, prendre, représenter, faire, venir, être, aller, se tirer, obtenir, être, décaniller, enculer, décamper, dégager, devenir, ficher le camp, posséder, disposer, recevoir, prendre, atteindre, endurer, obtenir, être, subir, souffrir, devoir, tenir, continuer, devenir, recevoir, éprouver, prendre, être, devoir, tenir, interroger, réclamer, entretenir, reposer, distinguer, prendre, privilégier, posséder, être, mentionner, comporter, devoir, ressembler, tenir, paraître, demeurer, disposer, mener, porter, obtenir, être, devenir, recevoir, rendre, entretenir, faire, venir, être, aller, atteindre, obtenir, être, parvenir, devenir, avoir lieu, avoir besoin, avoir raison, avoir faim, avoir besoin de, avoir peur, avoir soif, avoir honte, avoir envie, avoir envie de","Ensemble des biens qu’on possède.<br />Posséder.<br />Acquérir, se procurer.<br />Obtenir.<br />Éprouver.<br />Être de telle manière, présenter une caractéristique.<br />Comporter.<br />Tromper, rouler quelqu’un.<br />","Laurence a une bicyclette .<br />Nous avons eu ce voilier à bon compte .<br />Catherine a le premier prix! Martin espère avoir une bourse afin de poursuivre ses études .<br />Cet enfant avait du chagrin .<br />Elle a les cheveux roux et une forte tête .<br />Cet édifice a une cour intérieure .<br />Cet escroc cherche à nous avoir .<br />"
"monde","world","world, earth, people, realm, kingdom","monde, univers, globe, siècle, terre, monde, sol, globe terrestre, boue, terrier, personnes, gens, peuple, population, habitants, monde, domaine, royaume, monde, royaume, monde","domaine, planète, humanité, réalité, public, Terre, création, domaine, Terre, planète, terre, domaine, région, royaume, zone, humanité, homme, réalité, public, Terre, création, cosmos, univers, tout le monde, le monde, dans le monde entier, du monde, beaucoup de monde, partout dans le monde, trop de monde, champion du monde, au monde, beau monde","Univers, ensemble des choses créées.<br />La Terre.<br />Société humaine.<br />Milieu.<br />","La fin du monde .<br />Faire le tour du monde .<br />Il y a beaucoup de monde ici .<br />Le monde du cirque, le monde de l’automobile .<br />"
"pieds","feet","foot, base, leg, bottom","pied, bas, marche, patte, bout, talon, base, pied, culot, point de départ, appui, patin, jambe, branche, pied, étape, cuisse, gigot, bas, fond, dessous, pied, derrière, culot","patte, fondation, terme, patte, patte, régiment, infanterie, fondation, base, terme, à pied, coup de pied, doigt de pied, casse-pied, mise à pied, donner un coup de pied, marche à pied, aller à pied, coups de pied, sur pied","Extrémité inférieure de la jambe de l’homme, de la patte des animaux qui ont des sabots (éléphant, cheval, bœuf, mouton, cerf, chameau, etc.).<br />Base, support.<br />Unité de mesure anglo-saxonne comportant 12 pouces et valant environ 30 centimètres.<br />","Nouni a de petits pieds .<br />Les pieds d’une table .<br />Il mesure six pieds .<br />"
"si tu ne te laisse pas abattre par ceux qui te laisse de côté","if you do not let yourself be discouraged by those who leave you aside","","","","",""
"si","if","if, whether, so, that, such, as, si, B","si, au moins, quand bien même, si, que, soit, si, ainsi, tellement, aussi, et alors, comme ceci, si, aussi, si, tellement, aussi, aussi, si, si, si","tellement, ainsi, aussi, alors, comme, oui, même si, si tu veux, comme si, si seulement, si je pouvais, si bien que, si ce n'est, si j'étais toi, si mal, si toutefois","Adverbe de quantité et d’intensité (suivi d’un adjectif ou d’un adverbe).<br />Adverbe d’affirmation.<br />Septième note de la gamme de do.<br />La conjonction introduit une condition (verbe de la principale au futur). À condition que.<br />La conjonction introduit une hypothèse (verbe de la principale au présent ou au passé). S’il est vrai que.<br />La conjonction introduit une hypothèse (verbe de la principale au conditionnel). Dans le cas où, à supposer que.<br />La conjonction introduit une concession, une restriction.<br />La conjonction introduit une interrogation indirecte.<br />La conjonction est un modificateur corrélatif de conséquence de l’adjectif ou de l’adverbe. De telle sorte que, tellement que, si bien que.<br />","Des si bémols .<br />Si tu viens jouer avec nous, nous aurons du plaisir .<br />Si l’informatique est un merveilleux outil, elle n’est pas encore tout à fait apprivoisée .<br />Si j’avais su (et non *si j’aurais su), je ne serais pas venu .<br />Elle se demandait s’il viendrait .<br />Elle est si sérieuse qu’on ne peut jamais la faire rire .<br />"
"laisse","leash","lead, leash","plomb, avance, tête, fil, laisse, initiative, laisse, laisse pour le chien, filière, créance","plomb, col, collier, laisser, tenir en laisse","Lien avec lequel on attache un animal.<br />","Tenir un chien en laisse .<br />"
"abattre","slaughter","down, cut down, knock down, pull down, slaughter, butcher, kill, fell, strike down, bring down, put down, break, demolish, chop down, slay, murder, dispatch, pick off, drop, flatten, discourage, dispirit, droop, mow, strike in, despatch, wing, nail, pot, poleaxe, evert","abattre, réduire, couper, abattre, diminuer, abréger, faire diminuer, abattre, démolir, défoncer, battre, abattre, démolir, baisser, descendre, fermer, affaiblir, abattre, tuer sauvagement, massacrer, égorger, abattre, tuer, tuer, détruire, abattre, assassiner, arrêter, égorger, abattre, faire mal, toucher, abattre, terrasser, faire baisser, faire tomber, abattre, faire descendre, ramener au sol, déposer, poser, inscrire, abattre, placer, laisser, briser, rompre, casser, se briser, se casser, abattre, démolir, détruire, abattre, démanteler, anéantir, liquider, abattre, tuer, égorger, abattre, assassiner, tuer, massacrer, abattre, écraser, dépêcher, expédier, envoyer, abattre, déléguer, envoyer des forces, enlever, cueillir, abattre, gratter, tomber, abandonner, laisser tomber, baisser, supprimer, abattre, aplatir, aplanir, écraser, abattre, se redresser, faire aplanir, décourager, repousser, abattre, essayer de dissuader, abattre, décourager, déprimer, tomber, baisser, pencher, abattre, se décourager, commencer à baisser la tête, tondre, faucher, écraser, abattre, faire grimace, montrer les dents, interrompre, abattre, expédier, dépêcher, envoyer, déléguer, abattre, envoyer des forces, voler, survoler, blesser, abattre, darder, gîter, clouer, fixer, pincer, abattre, mettre, mettre en pot, faire de la poterie, abattre, faire cuire dans un pot, assommer, abattre, terrasser, éventrer, abattre, dire tout","ramener, punir, reprendre, surmonter, démolir, piocher, tuer, tirer, affaiblir, ramener, démolir, raser, punir, corriger, châtier, reprendre, gronder, réprimander, reprocher, sermonner, surmonter, vaincre, démolir, piocher, excaver, déterrer, exhumer, dénicher, déraciner, mettre à jour, tuer, assassiner, tirer, surmonter, convertir, convaincre, vaincre, inspirer, affaiblir, drainer, débiliter, se laisser abattre","Faire tomber, renverser quelque chose de vertical.<br />Tuer, blesser avec une arme à feu.<br />Épuiser, décourager.<br />Tomber subitement.<br />Se jeter sur.<br />","Il ne faut pas se laisser abattre .<br />Ils ont dû abattre un arbre pour bâtir la maison .<br />Le gardien a abattu le cambrioleur .<br />"
"par","by","by, per, through, via, to, on, out of, par","par, de, selon, à, près de, suivant, par, suivant, comme, par, à travers, via, au travers, par l'entremise, via, par, à, de, pour, vers, sur, par, sur, dans, par, au bord de, de, hors de, par, en dehors de, par, pair, égalité, normale","une, un, an, par contre, par ailleurs, par conséquent, par exemple, par hasard, par rapport à, par terre, par la suite, par jour, une fois par semaine","La préposition marque une relation :.<br />De lieu . À travers.<br />De temps . Au cours de.<br />De distribution . Pour chaque.<br />De subdivision.<br />De cause.<br />D’ agent.<br />D’ instrument, de moyen.<br />De manière.<br />","Passer par Trois-Rivières pour aller à Québec .<br />Par une belle nuit étoilée .<br />Il gagne 1000&nbsp;$ par semaine .<br />Répartir ces animaux par classes et sous-classes .<br />Engourdi par le froid .<br />Ce roman a été écrit par une jeune femme .<br />Voyager par avion .<br />Classer des données par ordre alphabétique .<br />"
"côté","side","side, hand, quarter, share, board","côté, face, bord, flanc, aspect, camp, main, part, côté, aiguille, paume, partie, trimestre, quart, quartier, côté, part, milieux, part, action, portion, côté, quote-part, conseil, bord, pension, commission, planche, côté","partie, anglais, page, face, flanc, bord, inclinaison, bordé, position, partie, page, aspect, côte, camp, flanc, anglais, anglaise, page, flanc, face, flanc, bord, corne, arête, cor, inclinaison, talus, côte, pente, bordé, page, flanc, position, partie, page, partie, page, flanc, partie, cote, côte, à côté, à côté de, de mon côté, de l'autre côté, de côté, mettre de côté, d'un côté, de son côté, sur le côté, côté droit","Partie droite ou gauche.<br />Face d’un objet.<br />Aspect sous lequel une situation se présente.<br />","Il y a des arbres de chaque côté de la rue .<br />Un dé à six côtés .<br />Il faut voir le bon côté des choses .<br />"
"et moi, je ne t’oublierai pas et je compte sur toi","and I will not forget you, and I count on you","","","","",""
