"place de la république","Republic Square","","","la, de, place","",""
"place","spot","square, spot, position, space, room, seat, plaza, piazza, stead","carré, place, square, case, équerre, carreau, place, endroit, spot, tache, point, coin, position, poste, situation, place, emplacement, point, espace, place, vide, cadre, blanc, écartement, chambre, salle, pièce, place, lieu, domaine, siège, place, selle, banquette, fauteuil, banc, place, centre commercial, péage, aire de stationnement, piazza, place, place, service","carré, centre commercial, emploi, position, marge de manœuvre, endroit, puissance, occupation, lieu, champ, localisation, culture, siège, local, propriété, placer, forum, esplanade, site, bureau, espace, carré, centre commercial, centre, emploi, poste, station, gare, carré, esplanade, rond-point, position, marge de manœuvre, espace, endroit, endroit, lieu, position, lieu, puissance, bureau, office, fonction, pouvoir, occupation, métier, travail, tâche, job, emploi, fonction, profession, lieu, champ, localisation, lieu, culture, point, lieu, siège, local, espace, blanc, propriété, endroit, lieu, placer, endroit, lieu, forum, agora, esplanade, rond-point, site, situation, position, emploi, situation, fonction, bureau, office, fonction, site, lieu, position, situation, placement, endroit, emplacement, espace, éloignement, blanc, distance, placer, mettre en place, mise en place, à la place de, sur place, en place, à ma place, à ta place, remettre en place, changer de place, faire de la place","Endroit, lieu.<br />Espace découvert, généralement assez vaste, sur lequel débouchent plusieurs voies de circulation, la plupart du temps entouré de constructions et pouvant comporter un monument, une fontaine, des arbres ou d’autres éléments de verdure (Recomm. off.).<br />Emploi, rang dans une hiérarchie.<br />","Une place pour chaque chose, chaque chose à sa place .<br />La place publique .<br />La place d’honneur .<br />"
"de","from","of, to, from, by, with, than, at, out of, off","de, en, pour, à, de, pour, vers, sur, en, de, à partir de, depuis, dès, de la part de, d'après, par, de, selon, à, près de, suivant, avec, à, de, sur, que, de, à, de, sur, en, vers, à propos de, de, hors de, par, en dehors de, de","dé, de rien, de plus, tout de suite, à partir de, au lieu de, pomme de terre, en fonction de, maillot de bain, à cause de, de plus en plus","• La préposition introduit un complément du nom en marquant :.<br />La possession.<br />L’origine.<br />Le temps.<br />La cause.<br />Le moyen.<br />La matière.<br />Le genre.<br />• La préposition introduit un complément du verbe en marquant :.<br />Le lieu.<br />Le temps.<br />La cause.<br />Le moyen, l’instrument.<br />Élision de la préposition.<br />De + adjectif.<br />L’article de s’emploie devant des noms de choses qui ne peuvent se compter, devant un nom abstrait.<br />","La fille de (et non *à) mon amie .<br />Du sirop d’érable, du fromage de chèvre .<br />Le train de nuit .<br />Un vent d’orage, des frissons d’inquiétude .<br />Un air de piano, un coup de baguette magique .<br />Une colonne de bois, un toit de chaume .<br />Un roman d’aventures, un film de science-fiction .<br />Venir de Trois-Rivières .<br />Ils vont à l’école de 8&nbsp;h&nbsp;30 à 15&nbsp;h&nbsp;30 .<br />Les enfants sautent de joie : c’est la récréation!<br />Se servir d’un pinceau, d’une règle .<br />Il est tombé de la neige .<br />"
"la","There","the, la, lah, A, it, her","les, la, le, la, la, la, il, elle, le, ce, cela, la, elle, lui, la, celle, à elle, l'","Louisiane, dame, lanthane, statistique, Louisiane, dame, madame, lanthane, statistique, statistiques, là, la plupart, à la fois, toute la journée, à la place de, la semaine prochaine, faire la vaisselle, faire la fête, de la part de, par la suite, la foule","Sixième note de la gamme de do.<br />Déterminant défini qui s’emploie devant un nom féminin singulier désignant des personnes ou des choses connues, dont on a déjà parlé.<br />Pronom remplaçant un nom de personne ou de chose déterminé, déjà exprimé et qui est féminin singulier.<br />","Cette orange, tu la dégusteras cet après-midi .<br />"
"république","republic","republic","république","communauté, démocratie, président de la république, présidence de la république","Mode de gouvernement.<br />","Dans une république, le chef de l’État est un président .<br />"
"on s'est connu le temps de plaire","time to please it was known","","","","",""
"on","we","we, you, they","nous, on, vous, tu, on, te, toi, ils, elles, on, eux","on peut, on verra, on y va, comme on dit, on ne peut pas, on sait que, on sait, sur qui on peut compter, Ça fait longtemps qu'on ne s'est pas vu., qu'on doit","Pronom indéfini de la troisième personne du singulier.<br />D’une façon indéfinie au sens de « tout le monde, n’importe qui ».<br />Dans les proverbes au sens de « chacun ».<br />Dans la langue familière ou orale, le pronom on peut aussi remplacer les pronoms personnels :.<br />Pour désigner l’auteur inconnu ou anonyme d’un renseignement.<br />Anglicisme pour marche (Recomm. off.).<br />","On a sonné? À cette question que tu as posée, qu’a-t-on répondu?<br />On n’est jamais si bien servi que par soi-même .<br />On m’a dit que les employés étaient mécontents .<br />"
"s'est","has","","","","",""
"connu","known","known, famous, renowned, famed, celebrated, far-famed, familiar, afloat","connu, reconnu, notoire, judicieux, célèbre, fameux, connu, réputé, renommé, très connu, célèbre, renommé, réputé, connu, célèbre, réputé, connu, célèbre, connu, réputé, célèbre, connu, réputé, familier, connu, habituel, modeste, à flot, répandu, abondant, connu","familier, le plus connu, très connu, bien connu, mal connu, peu connu, être connu","Dont on a connaissance.<br />Illustre, célèbre.<br />","Les propriétés de ce gaz sont connues .<br />Cet acteur est bien connu .<br />"
"le","the","the, it, him","les, la, le, il, elle, le, ce, cela, la, lui, le, celui, l'","tout le monde, le matin, pour le moment, le monde, le mien, dans le but de, le lendemain, tout le temps, faire le point, le temps","Déterminant défini qui s’emploie devant un nom masculin singulier désignant des personnes ou des choses connues, dont on a déjà parlé.<br />Pronom remplaçant un nom de personne ou de chose déterminé, déjà exprimé et qui est masculin singulier.<br />","Ce voyage, tu pourras le faire .<br />"
"temps","time","time, times, weather, days, beat, era, season, tense, eon","temps, moment, fois, heure, époque, saison, fois, temps, temps, tempête, brise, journées, temps, époque, battement, rythme, temps, pulsation, ronde, roulement, ère, époque, temps, histoire, qui fait une époque, saison, temps, époque, moment opportun, temps, période, temps","durée, jour, période, intempérie, moment, durée, phrase, jugement, longtemps, peine, délai, fois, durée, moment, part, durée, heure, fois, jour, aujourd'hui, période, point, intempérie, moment, heure, période, durée, période, point, époque, délai, durée, mètre, durée, période, point, époque, moment, de temps en temps, en même temps, emploi du temps, tout le temps, le temps, pendant ce temps, temps libre, gagner du temps, perte de temps, le temps passe vite","La durée.<br />Espace de temps.<br />Époque.<br />Période.<br />État de l’atmosphère, conditions météorologiques.<br />Série de formes verbales qui indique à quel moment s’accomplit l’action.<br />","Le temps passe vite .<br />J’ai trop peu de temps à consacrer à la lecture .<br />Les temps modernes .<br />Le temps des récoltes .<br />Il fait beau temps (et non une *belle température) .<br />Le passé composé, le présent, le futur sont des temps du verbe qui marquent respectivement l’antériorité, la simultanéité et la postériorité .<br />"
"plaire","please","please, like","plaire, satisfaire, faire plaisir, contenter, aimer, ressembler, plaire, souhaiter, se ressembler, aller avec","se plaire, chercher à plaire","Être agréable, être une source de plaisir.<br />Susciter de l’attrait.<br />S’aimer l’un l’autre.<br />Trouver du plaisir à se trouver dans un lieu.<br />Prendre plaisir à faire quelque chose.<br />","Cette jeune fille plaisait à François .<br />Ils se plaisent dans cet endroit au bord de la mer .<br />Elle se plaît à lire .<br />"
"aux exigences qu'on s'est créées mais on s'y perd","the requirements that was created, but you lose it","","","","",""
"aux","the","","","","",""
"exigences","requirements","requirement, demand, exigency, call","exigence, besoin, nécessité, condition requise, demande, exigence, revendication, exigence, appel, visite, voix, coup de fil, invitation, exigence","crise, demande, crise, urgence, demande, condition, préalable, prérequis, demande, besoin, condition, prescription, demande, nécessité, besoin, nécessaire, condition, prescription","Ce qu’une personne exige.<br />Obligation.<br />Caractère d’une personne exigeante.<br />","Quelles sont vos exigences?<br />Les exigences d’un métier .<br />Cet enseignant est d’une grande exigence : il fait travailler beaucoup ses élèves .<br />"
"qu'on","that","","","","",""
"créées","created","","","","",""
"mais","but","but, although, yet, only, probably","mais, bien que, mais, malgré que, pourtant, mais, cependant, néanmoins, malgré tout, seulement, mais, probablement, mais, selon toute probabilité, peut-être","tôt ou tard, seul, cependant, tôt ou tard, fin, éventuellement, à l'heure, encore, pourtant, finalement, seul, uniquement, seulement, que, exclusivement, cependant, simplement, uniquement, seulement, que, sauf, maïs, mai, mais enfin, mais bien sûr, mais bien, épi de mais","Cette conjonction introduit une idée contraire, une restriction, une objection.<br />","Il a une bonne formation, mais il n’a pas l’expérience voulue .<br />"
"s'y","it","","","","",""
"perd","loses","lose, waste, squander, shed, slough, forfeit, drop, throw away, collapse, cast, draw, fritter, sweat off","perdre, se perdre, semer, paumer, s'égarer, perdre, gaspiller, gâcher, ravager, liquider, zigouiller, gaspiller, dilapider, perdre, dissiper, disperser, se dissiper, perdre, verser, tomber, faire couler, séparer, déverser, se dépouiller, perdre, se débarrasser, se défausser, se démolir, enlever, perdre, faire payer une amende, tomber, abandonner, laisser tomber, baisser, supprimer, perdre, jeter, perdre, gaspiller, gâcher, lancer, laisser tomber, écrouler, effondrer, tomber, échouer, capoter, perdre, jeter, lancer, couler, fondre, se dépouiller, perdre, dessiner, tirer, attirer, établir, tracer, perdre, gaspiller, perdre, couper, frotter, se casser, perdre","paumer, reculer, manquer, endurer, paumer, égarer, reculer, paumer, paumer, manquer, manquer, disparaître, supprimer, paumer, endurer, paumer, se perdre, perdre du poids, perdre connaissance, perdre du temps, perdre son temps, perdre espoir, perdre patience, perdre de vue, perdre conscience, perdre le temps","Être privé de la compagnie de quelqu’un de façon définitive.<br />Cesser d’avoir quelque chose.<br />Ne pas gagner, être vaincu.<br />Gaspiller.<br />Être perdu, cesser d’être.<br />S’égarer, ne plus retrouver son chemin.<br />Avoir du mal à suivre, à comprendre quelque chose.<br />","Ne perds pas ton temps : il est trop précieux .<br />Il est triste d’avoir perdu son ami d’enfance .<br />Perdre son emploi .<br />Perdre la bataille .<br />"
"tu n'es qu'à quelques kilomètres","you're only a few kilometers","","","","",""
"tu","you","you, thou","vous, tu, on, te, toi, tu, toi","tu es, si tu veux, Comment vas-tu?, Qu'est-ce que tu fais?, Qu'est-ce que tu dis?, Qu'est-ce que tu as dit?","Pronom personnel masculin et féminin de la deuxième personne du singulier. Tu est toujours sujet du verbe.<br />","Tu chantes bien .<br />"
"n'es","are not","","","","",""
"qu'à","only","","","","",""
"quelques","a few","a few","quelques, quelque","quelques jours plus tard, quelques-uns, quelques amis, quelques-unes, quelques gouttes","",""
"kilomètres","kilometers","kilometer, kilometre","kilomètre, kilomètre","borne","Symbole km (s’écrit sans point).<br />Mesure de longueur de mille mètres.<br />","La prochaine ville est à dix kilomètres .<br />"
"et nos coeurs, nos coeurs sont restés dans cette mer","and our hearts, our hearts remained in this sea","","","","",""
"et","and","and","et, aussi","et alors, aller et retour, et moi aussi, et puis, sain et sauf, nom et prénom, et caetera, et cetera, jour et nuit, vingt et un","La conjonction de coordination ou coordonnant unit des propositions indépendantes affirmatives.<br />La conjonction de coordination ou coordonnant unit une proposition affirmative et une proposition négative.<br />La conjonction de coordination ou coordonnant unit des unités aux dizaines.<br />","Le vent se lève et la pluie se met à tomber .<br />Il aime la bonne cuisine et ne fume pas .<br />Vingt et une personnes .<br />"
"nos","our","","","","",""
"coeurs","hearts","hearts","cœurs","cœur","",""
"sont","are","be, exist","être, devenir, exister, venir, aller, coûter, exister, être, vivre, subsister","prendre, suivre, reposer, dessiner, affecter, être aux écoutes, lier, représenter, obtenir, se trouver, égaler, amener, retenir, fournir, atteindre, reproduire, se tirer, coûter, éprouver, vivre, exister, contenir, faire, prendre, faire, suivre, reposer, distinguer, privilégier, définir, mentionner, qualifier, caractériser, ressembler, paraître, demeurer, dessiner, tirer, obtenir, avoir, devenir, recevoir, rendre, affecter, viser, conduire, obtenir, tendre, avoir, évoluer, aboutir, évaluer, aller, devenir, rendre, être aux écoutes, lier, représenter, constituer, prendre, amener, obtenir, avoir, contracter, devenir, lier, correspondre, apporter, obtenir, avoir, devenir, recevoir, prendre, avoir, devoir, tenir, prendre, obtenir, avoir, laisser, devoir, tenir, permettre, devenir, recevoir, rendre, se trouver, prendre, avoir, devoir, égaler, amener, obtenir, avoir, apporter, aboutir, devenir, recevoir, transporter, rendre, retenir, prendre, faire, donner, avoir, devoir, tenir, rendre, fournir, grandir, obtenir, rédiger, développer, avoir, fabriquer, publier, créer, élaborer, produire, aboutir, devenir, recevoir, rendre, atteindre, avoir, comprendre, devenir, recevoir, prendre, recueillir, avoir, devoir, accepter, tenir, admettre, recevoir, reproduire, générer, obtenir, avoir, engendrer, concevoir, devenir, recevoir, rendre, représenter, faire, venir, avoir, aller, se tirer, obtenir, avoir, décaniller, enculer, décamper, dégager, devenir, ficher le camp, coûter, prendre, atteindre, endurer, obtenir, subir, avoir, souffrir, devoir, tenir, continuer, devenir, recevoir, éprouver, prendre, avoir, devoir, tenir, vivre, exister, reposer, distinguer, prendre, privilégier, posséder, mentionner, avoir, comporter, devoir, ressembler, tenir, paraître, demeurer, disposer, contenir, composer, comprendre, comporter, obtenir, avoir, devenir, recevoir, rendre, faire, venir, avoir, aller, atteindre, obtenir, avoir, parvenir, devenir, peut-être, peut être, être au courant, être humain, bien-être, être en forme, être pressé, être en vacances, bien être, être malade","Exister, avoir une réalité.<br />VERBE RELIANT L’ATTRIBUT AU SUJET.<br />Le verbe être établit la relation entre le sujet et l’attribut.<br />Se situer.<br />Se trouver.<br />Appartenir.<br />S’occuper à.<br />Tendre vers.<br />Faire partie de.<br />Venir de, être originaire de.<br />Donner son soutien à.<br />AUXILIAIRE DE CONJUGAISON.<br />L’auxiliaire être sert à conjuguer :.<br />AUXILIAIRE DE TEMPS.<br />","« Je pense, donc je suis »<br />Les érables sont magnifiques .<br />La ville de Trois-Rivières est au nord du Saint-Laurent .<br />Ils seront à Paris en mai .<br />Cette maison est à elle .<br />Être à son travail .<br />Le temps est à la neige .<br />Être de la fête, d’une société donnée .<br />Geneviève est de Montréal .<br />Elle est pour l’indépendance du Québec .<br />"
"restés","stayed","remains, left-overs, scraps, leavings, pickings, scrapings, odds and ends, scran","restes, vestiges, ruines, débris, déchets, restes, restes, débris, restes, restes, débris, raclures, restes, bouts, restes, des petites choses qui restent, bric-à-brac, restes","reste, rester, reste","",""
"dans","in","in, into, within, on, inside, during, along, aboard","dans, en, à, chez, dedans, au bout de, dans, en, dedans, de très près, dans, à moins de, sous, dans les limites, selon, à l'intérieur de, sur, dans, par, au bord de, dans, à l'intérieur de, pendant, durant, en, au cours de, dans, lorsque, le long de, sur, dans, avec, à bord, dans","dan, dans le but de, dans ce cas, dans le monde entier, dans la mesure où, dans tous les cas, dans l'attente, partout dans le monde, dans le cas contraire, dans la nature, dans une heure","Cette préposition marque :.<br />Un lieu.<br />Le temps.<br />Une situation.<br />Une tendance, une intention.<br />","Mettre ses clés dans sa poche .<br />Nous comptons terminer dans un an .<br />Dans le doute, il vaut mieux s’abstenir .<br />Dans l’intérêt de notre groupe .<br />"
"cette","this","this, that","cette, ce, cet, ces, ceci, celui-là, ce, cette, cet, ces","cette nuit, de cette façon, pour cette raison, à cette occasion, dans cette direction, dans cette situation, à cette époque-là","",""
"mer","sea","sea, water, blue","mer, océan, eau, eaux, mer, marée, bleu, couleur bleue, azur, ciel, mer, cafard","traversée, voyage, océan, au bord de la mer, fruits de mer, fruit de mer, étoile de mer, bord de la mer, mal de mer, bord de mer, loup de mer, en mer, à la mer","Vaste étendue d’eau salée, distincte des océans par la moindre importance des fonds abyssaux et par l’extension souvent plus considérable des plates-formes continentales (Recomm. off.).<br />","Aller se baigner à la mer .<br />"
"j'ai couru en longeant la seine","I ran along the Seine","","","","",""
"j'ai","I have","","","j","",""
"couru","ran","","","","Recherché.<br />","Un film très couru .<br />"
"en","in","in, into, to, at, of, during, thereof","dans, en, à, chez, dedans, au bout de, dans, en, dedans, de très près, à, de, pour, vers, sur, en, à, de, sur, en, vers, à propos de, de, en, pour, pendant, durant, en, au cours de, dans, lorsque, en, de cela","après, postérieurement, ensuite, par la suite, prochainement, puis, derrière, ultérieurement, subséquemment, en effet, en cours, en plus, en revanche, en haut, mettre en place, en bas, en attendant, en fait, en fonction de","Préposition qui marque un rapport de lieu, de temps, une notion de forme, de matière, de manière.<br />Pronom qui peut remplacer de suivi d’un groupe nominal, d’un complément de verbe ou d’un complément de nom.<br />","Une table en chêne .<br />De ce grand voyage autour du monde, ils en rêvent .<br />"
"longeant","along","","","","",""
"seine","seine","seine, dragnet","seine, drague, seine, drège","Seine, Seine, seiner, la seine","",""
"en espérant te retrouver, l'âme sereine","hoping to find you, the serene soul","","","","",""
"espérant","hoping","","","","",""
"te","you","you, thee, yourself, thyself","vous, tu, on, te, toi, te, toi, te, toi-même, vous-même, te, toi-même","Va te faire foutre!","Pronom personnel masculin et féminin de la deuxième personne du singulier.<br />EMPLOIS.<br />",""
"retrouver","find","find, recover, retrieve, meet, run into, trace, track down, recognize","trouver, découvrir, retrouver, se retrouver, dégoter, arriver à trouver, récupérer, recouvrer, retrouver, se remettre, se rétablir, se redresser, récupérer, retrouver, rechercher, rétablir, réparer, sauver, rencontrer, se réunir, faire face, se rencontrer, retrouver, rejoindre, rencontrer, tomber sur, atteindre, retrouver, rencontrer par hasard, rentrer, tracer, retracer, retrouver, localiser, suivre la trace, décalquer, traquer, retrouver, dépister, capturer, reconnaître, se reconnaître, retrouver, donner la parole à","dater, récupérer, trouver, dater, rentrer, détourner, ramener, reprendre, retourner, appuyer, remettre, remonter, récupérer, recouvrer, trouver, se retrouver","Trouver de nouveau ce qui était égaré, oublié.<br />Être de nouveau (dans un lieu, parmi des personnes, dans une situation qu’on avait quittés).<br />","Il a retrouvé son chapeau .<br />"
"l'âme","the soul","blade, sword, lamina, wave, shaft, lamella, runner, scoop","lame, pale, aube, fer, aile, plat, épée, sabre, glaive, lame, bataille, duel à l'épée, lame, vague, onde, ondulation, signe, lame, geste, arbre, puits, manche, fût, gaine, lame, lamelle, lame, coureur, patin, partant, coursier, messager, lame, scoop, pelle, boule, écope, cuiller, lame","feuille, lamer, lame de rasoir, lame de fond","Morceau plat, assez mince et allongé.<br />Vague plate.<br />","Une lame de ciseau .<br />Des lames de fond .<br />"
"sereine","serene","serene, placid, collected","serein, paisible, tranquille, placide, calme, serein, serein, posé","","Clair, pur.<br />Tranquille, calme.<br />","Un ciel serein .<br />Un regard serein .<br />"
"j'ai couru sans savoir comment","I ran without knowing how","","","","",""
"sans","without","without, wanting","sans, en dehors, à l'extérieur, sans, moins","lilas, sureau, sureau, décryptage, sans doute, sans cesse, sans aucun doute, sans fin, sans fil, sans succès, sans importance, sans pitié, sans emploi, sans arrêt","Cette préposition marque la privation, l’exclusion d’une personne, d’une chose.<br />","Il est sorti sans manteau et sans gants .<br />"
"savoir","know","know, see, realize, be aware, figure out, sort out, ken, knowledge, learning, scholarship, science","savoir, connaître, faire savoir, reconnaître, souffrir, se présenter, voir, découvrir, savoir, visiter, regarder, apercevoir, réaliser, comprendre, savoir, prendre conscience, se rendre compte de, penser, savoir, savoir, résoudre, décider, arriver à comprendre, bien calculer, savoir, ranger, comprendre, savoir, connaître, concevoir, saisir, connaissance, savoir, science, lumières, savoir-faire, apprentissage, savoir, étude, science, érudition, bourse, érudition, savoir, science, savoir, connaissance","science, science, connaissance, connaître, baiser, croire, éprouver, piéger, connaître, baiser, aimer, faire l'amour, foutre, niquer, enconner, avoir, fourrer, connaître, enculer, croire, connaître, homologuer, reconnaître, éprouver, vivre, connaître, demeurer, piéger, savoir faire, à savoir, savoir-faire, savoir-vivre, faire savoir, à savoir que, bon à savoir, savoir vivre, il est important de savoir","Connaissances, érudition.<br />Avoir la connaissance de, posséder une science ou un art.<br />Pouvoir, avoir la possibilité de.<br />Être apte à, avoir le talent, la force de faire quelque chose.<br />Connaître l’existence de.<br />Connaître sa situation.<br />Être su.<br />","L’étendue de son savoir .<br />Elle sait répartir les tâches, tu sais écouter .<br />Il sait une petite clairière dans la forêt .<br />Elle sait lire et compter .<br />Je saurai terminer ce long travail .<br />"
"comment","how","how","comment, que","yack, yak, comment?, n'importe comment","Manière.<br />De quelle façon, pourquoi?.<br />Pour marquer la surprise.<br />Pour souligner un résultat.<br />","Nous aimerions connaître les pourquoi et les comment de cette décision .<br />L’objectif est atteint, et comment!<br />"
"ni pourquoi on s'emballe","nor why racing","","","","",""
"ni","or","or, nor, neither, neither","ou, ni, ni, ni, non plus, ni","ni l'un ni l'autre, ni plus ni moins, sans foi ni loi, ni lui ni moi","Conjonction de coordination à valeur négative qui sert à lier des adjectifs, des noms, des pronoms ou des phrases.<br />","Ils sont sortis sans manteau ni tuque .<br />"
"pourquoi","What for","why, wherefore","pourquoi, pourquoi, pour cette raison","ensuite, donc, raison, pourquoi?, c'est pourquoi, pourquoi pas?, voilà pourquoi, pourquoi ça?","Pour quelle raison.<br />Raison, motif.<br />Interrogation.<br />","Chercher les pourquoi d’un geste .<br />Des pourquoi et des comment .<br />"
"s'emballe","racing","","","","",""
"on s'est connu qu'un moment","it was known that a moment","","","","",""
"qu'un","a","","","","",""
"moment","moment","time, moment, instant, minute, point, period, momentum, spell, trice, a little while, a short while, streak","temps, moment, fois, heure, époque, saison, moment, instant, instant, moment, courant, minute, instant, moment, note, compte rendu, circulaire, point, virgule, pointe, moment, endroit, étape, période, époque, durée, cours, moment, point, élan, dynamisme, moment, charme, période, sortilège, moment, incantation, tour, moment, clin d'œil, moment, moment, traînée, bande, trait, raie, trace, moment","minute, temps, importation, peu, cadeau, point, seconde, minute, seconde, instant, temps, durée, part, importation, point, devoir, heure, conséquence, répercussion, temps, heure, peu, second, minute, point, seconde, instant, cadeau, donation, présent, jour, point, instant, seconde, instant, pulsation, point, temps, en ce moment, pour le moment, un moment, à tout moment, à ce moment, à partir du moment où, à n'importe quel moment, à quel moment, au moment de, à ce moment-là","Instant bref.<br />Temps.<br />","Un moment, j’arrive!<br />Le moment présent .<br />"
"et je ne sais plus si tu en vaux la peine","and I do not know if thou worth it","","","","",""
"je","I","I","je, moi","iode, je ne sais pas, je vous en prie, je suis désolé, je regrette, je pense que, je vous en pris, si je pouvais, je crois que oui, je vais mieux, je me sens mieux","Pronom personnel masculin et féminin de la première personne du singulier, qui est toujours sujet du verbe.<br />","Je fais de la bicyclette, je lis .<br />"
"ne","not","not","pas, non, ne, pas du tout, ne ... point, ne ... pas","non, pas, né, gastro-œsophagien, caucasien, amœbien, je ne sais pas, ne pas, Je ne sais pas., Je ne comprends pas., ne pas oublier, Je ne parle pas français., ne pas hésiter, ne pas faire, ça ne sert à rien, ne jamais","",""
"sais","know","know, see, realize, be aware, figure out, sort out, ken","savoir, connaître, faire savoir, reconnaître, souffrir, se présenter, voir, découvrir, savoir, visiter, regarder, apercevoir, réaliser, comprendre, savoir, prendre conscience, se rendre compte de, penser, savoir, savoir, résoudre, décider, arriver à comprendre, bien calculer, savoir, ranger, comprendre, savoir, connaître, concevoir, saisir","connaître, baiser, croire, éprouver, piéger, connaître, baiser, aimer, faire l'amour, foutre, niquer, enconner, avoir, fourrer, connaître, enculer, croire, connaître, homologuer, reconnaître, éprouver, vivre, connaître, demeurer, piéger, savoir faire, à savoir, savoir-faire, savoir-vivre, faire savoir, à savoir que, bon à savoir, savoir vivre, il est important de savoir","Avoir la connaissance de, posséder une science ou un art.<br />Pouvoir, avoir la possibilité de.<br />Être apte à, avoir le talent, la force de faire quelque chose.<br />Connaître l’existence de.<br />Connaître sa situation.<br />Être su.<br />","Elle sait répartir les tâches, tu sais écouter .<br />Il sait une petite clairière dans la forêt .<br />Elle sait lire et compter .<br />Je saurai terminer ce long travail .<br />"
"plus","more","more, more, most, further, any, plus","plus, de plus, encore de, d'autre, plus, davantage de, plus, le plus, plus de, presque, plupart de, au maximum, plus, davantage, plus loin, de plus, plus, plus, avantage","au plus haut niveau, strictement positif, au plus haut niveau, haut, strictement positif, positif, maintenant, moins, ni plus ni moins, outre, maintenant, très, moins, pratiquement, ni plus ni moins, outre, autant, somme, priorité, somme, ajout, addition, priorité, avantage, obtention, actif, atout, de plus, en plus, plus tard, non plus, de plus en plus, au plus tard, en plus de, plus que, plus de, plus tôt","L’adverbe plus marque la supériorité.<br />Comparatif des adverbes beaucoup ou très. Plus que + comparaison.<br />Superlatif relatif.<br />Signe de l’addition.<br />La plus grande quantité.<br />En ajoutant une quantité.<br />","Les parents s’inquiètent plus que les enfants .<br />Le plus que nous puissions espérer .<br />Deux tomates plus un concombre .<br />"
"si","if","if, whether, so, that, such, as, si, B","si, au moins, quand bien même, si, que, soit, si, ainsi, tellement, aussi, et alors, comme ceci, si, aussi, si, tellement, aussi, aussi, si, si, si","tellement, ainsi, aussi, alors, comme, oui, même si, si tu veux, comme si, si seulement, si je pouvais, si bien que, si ce n'est, si j'étais toi, si mal, si toutefois","Adverbe de quantité et d’intensité (suivi d’un adjectif ou d’un adverbe).<br />Adverbe d’affirmation.<br />Septième note de la gamme de do.<br />La conjonction introduit une condition (verbe de la principale au futur). À condition que.<br />La conjonction introduit une hypothèse (verbe de la principale au présent ou au passé). S’il est vrai que.<br />La conjonction introduit une hypothèse (verbe de la principale au conditionnel). Dans le cas où, à supposer que.<br />La conjonction introduit une concession, une restriction.<br />La conjonction introduit une interrogation indirecte.<br />La conjonction est un modificateur corrélatif de conséquence de l’adjectif ou de l’adverbe. De telle sorte que, tellement que, si bien que.<br />","Des si bémols .<br />Si tu viens jouer avec nous, nous aurons du plaisir .<br />Si l’informatique est un merveilleux outil, elle n’est pas encore tout à fait apprivoisée .<br />Si j’avais su (et non *si j’aurais su), je ne serais pas venu .<br />Elle se demandait s’il viendrait .<br />Elle est si sérieuse qu’on ne peut jamais la faire rire .<br />"
"vaux","dale","be worth, hold good, run","valoir, valoir qch, valoir, lésiner, fonctionner, courir, tourner, gérer, diriger, valoir","faire valoir, faire-valoir","Justifier.<br />Correspondre, équivaloir.<br />Procurer.<br />Avoir une certaine valeur, un certain prix.<br />Avoir une grande valeur (morale, intellectuelle).<br />Avoir la même valeur.<br />","Les félicitations que ce travail lui a values .<br />Le chiffre romain V vaut 5 .<br />Ce paysage grandiose valait le détour .<br />"
"peine","sentence","penalty, sentence, trouble, pain, sorrow, grief, pains, heartache, ache, forfeit, bitterness, gruel, infirmity","peine, pénalité, amende, pénalisation, phrase, peine, sentence, condamnation, jugement, verdict, difficulté, peine, problème, mal, trouble, dérangement, douleur, peine, souffrance, mal, tristesse, effort, douleur, chagrin, tristesse, peine, affliction, douleur, chagrin, peine, malheur, amertume, catastrophe, peine, peines, douleur, mal, efforts, chagrin, peine, mal, douleur, peine, chagrin, gage, perte, amende, peine, amande, jeu de société, amertume, violence, peine, gruau, bouillie, peine, infirmité, faiblesse, maladie, impotence, débilité, peine","temps, douleur, sanction, effort, nuisance, agonie, deuil, mal, temps, durée, phrase, jugement, longtemps, délai, fois, douleur, sanction, penalty, douleur, souffrance, effort, nuisance, embêtement, douleur, casse-pied, souffrance, agonie, souffrance, deuil, affliction, abattement, regret, chagrin, douleur, effort, difficulté, problème, mal, tracas, trouble, agitation, problème, sanction, punition, châtiment, correction, sanction, penalty, pénalité, peiné, peiner, à peine, peine de mort, peine de prison, la peine capitale, pas la peine, faire de la peine, peine capitale, cela vaut la peine, avoir de la peine, sans peine","Douleur morale, tristesse.<br />Effort.<br />Sanction applicable à une personne ayant commis une infraction (GDT).<br />","Tu lui as fait de la peine .<br />Il n’est pas au bout de ses peines .<br />Le coupable a été condamné à une peine (et non *sentence) de cinq ans de prison .<br />"
"c'est plutôt dur d'en être certaine","it's pretty hard to be certain","","","","",""
"c'est","it is","this is","voici, c'est","est","",""
"plutôt","rather","rather, instead, nay, quite, first","plutôt, assez, un peu, quelque peu, légèrement, en vérité, plutôt, même, voire, plutôt, assez, tout à fait, plutôt, entièrement, exactement, pour la première fois, au préalable, au début, plutôt, d'abord","assez, idéalement, suffisamment, un peu, assez, peu, vite, volontiers, idéalement, volontiers, suffisamment, assez, passablement, un peu, plutôt que, plutôt que de","De préférence.<br />Assez.<br />","Entre le ski et le patin, elle a opté plutôt pour le ski alpin .<br />Il est plutôt rapide, il fait plutôt froid .<br />"
"dur","hard","hard, tough, harsh, rough, difficult, severe, stern, stiff, bitter, biting, callous, stale, stony, laborious, steel, unfeeling, dour, inclement, hardheaded, chilly, astringent, petulant, toughminded, hard-boiled, rough and ready, plug-ugly","dur, difficile, fort, rude, pénible, ferme, difficile, dur, robuste, résistant, solide, sévère, dur, sévère, rude, rigoureux, sec, cassant, rugueux, rude, grossier, accidenté, dur, rêche, difficile, compliqué, malaisé, dur, ardu, sévère, grave, violent, rigoureux, dur, difficile, sévère, dur, sombre, rigoureux, morne, solide, rigide, raide, dur, fort, solide, guindé, amer, âpre, acerbe, acharné, dur, glacial, mordant, piquant, cinglant, âpre, saisissant, dur, insensible, calleux, dur, sans pitié, sans cœur, vicié, rassis, éventé, dur, usé, dépassé, pierreux, caillouteux, rocailleux, de pierre, de galets, dur, laborieux, pénible, dur, en acier, dur, insensible, impitoyable, dur, sans pitié, sauvage, austère, dur, buté, inclément, rigoureux, dur, réaliste, à la tête froide, dur, sévère, froid, frais, frileux, dur, frissonné, astringent, dur, irritable, acariâtre, grincheux, de mauvaise humeur, méchant, dur, dur, dur, dur à cuire, grossier, rustre, fait à la hâte, dur, dur, brut","inconvenant, difficile, acerbe, fort, inconvenant, difficile, difficile, fort, sévère, méchant, acerbe, difficile, ardu, fort, présent, puissant, difficile, difficile, sévère, difficile, lourd, ardu, éreintant, laborieux, pénible, fermement, laborieusement, durement, lourdement, fermement, laborieusement, malaisément, difficilement, péniblement, durement, mal, difficilement, durement, fortement, sérieusement, gravement, lourdement, fortement, disque dur, travailler dur, très dur, travail dur, coup dur, dur à cuire, petit dur, dur travail, œuf dur","Rigide, résistant.<br />Difficile.<br />Rigoureux.<br />Violent, intransigeant.<br />Avec énergie.<br />Ce qui est dur, résistant.<br />La terre nue.<br />Personne qui n’a peur de rien, qui ne se laisse pas émouvoir.<br />","Un dur labeur .<br />Un hiver dur .<br />Il est trop dur avec eux .<br />Le dur, par opposition au mou .<br />"
"d'en","to","","","","",""
"être","be","be, exist","être, devenir, exister, venir, aller, coûter, exister, être, vivre, subsister","prendre, suivre, reposer, dessiner, affecter, être aux écoutes, lier, représenter, obtenir, se trouver, égaler, amener, retenir, fournir, atteindre, reproduire, se tirer, coûter, éprouver, vivre, exister, contenir, faire, prendre, faire, suivre, reposer, distinguer, privilégier, définir, mentionner, qualifier, caractériser, ressembler, paraître, demeurer, dessiner, tirer, obtenir, avoir, devenir, recevoir, rendre, affecter, viser, conduire, obtenir, tendre, avoir, évoluer, aboutir, évaluer, aller, devenir, rendre, être aux écoutes, lier, représenter, constituer, prendre, amener, obtenir, avoir, contracter, devenir, lier, correspondre, apporter, obtenir, avoir, devenir, recevoir, prendre, avoir, devoir, tenir, prendre, obtenir, avoir, laisser, devoir, tenir, permettre, devenir, recevoir, rendre, se trouver, prendre, avoir, devoir, égaler, amener, obtenir, avoir, apporter, aboutir, devenir, recevoir, transporter, rendre, retenir, prendre, faire, donner, avoir, devoir, tenir, rendre, fournir, grandir, obtenir, rédiger, développer, avoir, fabriquer, publier, créer, élaborer, produire, aboutir, devenir, recevoir, rendre, atteindre, avoir, comprendre, devenir, recevoir, prendre, recueillir, avoir, devoir, accepter, tenir, admettre, recevoir, reproduire, générer, obtenir, avoir, engendrer, concevoir, devenir, recevoir, rendre, représenter, faire, venir, avoir, aller, se tirer, obtenir, avoir, décaniller, enculer, décamper, dégager, devenir, ficher le camp, coûter, prendre, atteindre, endurer, obtenir, subir, avoir, souffrir, devoir, tenir, continuer, devenir, recevoir, éprouver, prendre, avoir, devoir, tenir, vivre, exister, reposer, distinguer, prendre, privilégier, posséder, mentionner, avoir, comporter, devoir, ressembler, tenir, paraître, demeurer, disposer, contenir, composer, comprendre, comporter, obtenir, avoir, devenir, recevoir, rendre, faire, venir, avoir, aller, atteindre, obtenir, avoir, parvenir, devenir, organisme, vouloir, créature, existence, séjour, animal, forme, marionnette, regard, organisme, vouloir, testament, volonté, créature, existence, séjour, animal, bête, faune, créature, forme, marionnette, outil, fantoche, créature, regard, peut-être, peut être, être au courant, être humain, bien-être, être en forme, être pressé, être en vacances, bien être, être malade","Exister, avoir une réalité.<br />VERBE RELIANT L’ATTRIBUT AU SUJET.<br />Le verbe être établit la relation entre le sujet et l’attribut.<br />Se situer.<br />Se trouver.<br />Appartenir.<br />S’occuper à.<br />Tendre vers.<br />Faire partie de.<br />Venir de, être originaire de.<br />Donner son soutien à.<br />AUXILIAIRE DE CONJUGAISON.<br />L’auxiliaire être sert à conjuguer :.<br />AUXILIAIRE DE TEMPS.<br />Ce qui est, créature.<br />Personne.<br />","« Je pense, donc je suis »<br />Les érables sont magnifiques .<br />La ville de Trois-Rivières est au nord du Saint-Laurent .<br />Ils seront à Paris en mai .<br />Cette maison est à elle .<br />Être à son travail .<br />Le temps est à la neige .<br />Être de la fête, d’une société donnée .<br />Geneviève est de Montréal .<br />Elle est pour l’indépendance du Québec .<br />Les êtres vivants .<br />Un être cher .<br />"
"certaine","some","certain, sure, some, clear, definite, undoubted, bound, unalterable","certain, sûr, déterminé, particulier, assuré, précis, sûr, certain, assuré, quelque, certain, quelconque, pas mal de, quand même un peu, clair, claire, nette, transparent, certain, sûr, précis, certain, déterminé, ferme, claire, très visible, indubitable, certain, lié, attaché, à destination de, certain, déterminé, inaltérable, certain","sûr, un certain, un certain nombre, il est certain","",""
"et quand tu seras à vincennes","and when you vincennes","","","","",""
"quand","when","when, whenever, wherever, when","quand, à quel moment, à quelle époque, chaque fois que, quand, toutes les fois que, autre jour, n'importe quand, partout où, partout, quand, ou donc, quand, lors de, alors que, une fois que, chaque fois que, au moment ou","dès que, aussi, tant, puisque, même, également, que, comme, quand?, quand même, n'importe quand, depuis quand, jusqu'à quand, quand bien même, pour quand, Depuis quand?, quand même un peu, Jusqu'à quand?","À quel moment.<br />La conjonction unit une subordonnée circonstancielle à la principale en marquant :.<br />Un rapport de temps . Lorsque.<br />La simultanéité de deux faits, une corrélation. Chaque fois que.<br />La cause . Du moment que.<br />","Quand aura lieu la fête?<br />Rentre quand il sera minuit .<br />Quand il pleut, ses articulations lui font mal .<br />Quand il travaille, il réussit bien .<br />"
"seras","will be","be, exist","être, devenir, exister, venir, aller, coûter, exister, être, vivre, subsister","prendre, suivre, reposer, dessiner, affecter, être aux écoutes, lier, représenter, obtenir, se trouver, égaler, amener, retenir, fournir, atteindre, reproduire, se tirer, coûter, éprouver, vivre, exister, contenir, faire, prendre, faire, suivre, reposer, distinguer, privilégier, définir, mentionner, qualifier, caractériser, ressembler, paraître, demeurer, dessiner, tirer, obtenir, avoir, devenir, recevoir, rendre, affecter, viser, conduire, obtenir, tendre, avoir, évoluer, aboutir, évaluer, aller, devenir, rendre, être aux écoutes, lier, représenter, constituer, prendre, amener, obtenir, avoir, contracter, devenir, lier, correspondre, apporter, obtenir, avoir, devenir, recevoir, prendre, avoir, devoir, tenir, prendre, obtenir, avoir, laisser, devoir, tenir, permettre, devenir, recevoir, rendre, se trouver, prendre, avoir, devoir, égaler, amener, obtenir, avoir, apporter, aboutir, devenir, recevoir, transporter, rendre, retenir, prendre, faire, donner, avoir, devoir, tenir, rendre, fournir, grandir, obtenir, rédiger, développer, avoir, fabriquer, publier, créer, élaborer, produire, aboutir, devenir, recevoir, rendre, atteindre, avoir, comprendre, devenir, recevoir, prendre, recueillir, avoir, devoir, accepter, tenir, admettre, recevoir, reproduire, générer, obtenir, avoir, engendrer, concevoir, devenir, recevoir, rendre, représenter, faire, venir, avoir, aller, se tirer, obtenir, avoir, décaniller, enculer, décamper, dégager, devenir, ficher le camp, coûter, prendre, atteindre, endurer, obtenir, subir, avoir, souffrir, devoir, tenir, continuer, devenir, recevoir, éprouver, prendre, avoir, devoir, tenir, vivre, exister, reposer, distinguer, prendre, privilégier, posséder, mentionner, avoir, comporter, devoir, ressembler, tenir, paraître, demeurer, disposer, contenir, composer, comprendre, comporter, obtenir, avoir, devenir, recevoir, rendre, faire, venir, avoir, aller, atteindre, obtenir, avoir, parvenir, devenir, peut-être, peut être, être au courant, être humain, bien-être, être en forme, être pressé, être en vacances, bien être, être malade","Exister, avoir une réalité.<br />VERBE RELIANT L’ATTRIBUT AU SUJET.<br />Le verbe être établit la relation entre le sujet et l’attribut.<br />Se situer.<br />Se trouver.<br />Appartenir.<br />S’occuper à.<br />Tendre vers.<br />Faire partie de.<br />Venir de, être originaire de.<br />Donner son soutien à.<br />AUXILIAIRE DE CONJUGAISON.<br />L’auxiliaire être sert à conjuguer :.<br />AUXILIAIRE DE TEMPS.<br />","« Je pense, donc je suis »<br />Les érables sont magnifiques .<br />La ville de Trois-Rivières est au nord du Saint-Laurent .<br />Ils seront à Paris en mai .<br />Cette maison est à elle .<br />Être à son travail .<br />Le temps est à la neige .<br />Être de la fête, d’une société donnée .<br />Geneviève est de Montréal .<br />Elle est pour l’indépendance du Québec .<br />"
"à","to","to, in, at, with, by, upon","à, de, pour, vers, sur, en, dans, en, à, chez, dedans, au bout de, à, de, sur, en, vers, à propos de, avec, à, de, sur, par, de, selon, à, près de, suivant, sur, à","jusqu'à, à partir de, grâce à, à travers, à part, à cause de, à côté, à propos, par rapport à, à peu près","La préposition introduit un complément indirect.<br />La préposition marque :.<br />La préposition marque le prix.<br />","Alain participera à la fête .<br />Un blouson à 100 $ .<br />"
"vincennes","vincennes","","","","",""
"ce soir ne m'oublie pas","tonight do not forget me","","","","",""
"ce","this","this, it, that, that","cette, ce, cet, ces, ceci, celui-là, il, elle, le, ce, cela, la, que, qui, ce, celle, celui, cela, ce, cette, cet, ces","ce soir, en ce moment, en ce qui concerne, dans ce cas, pendant ce temps, ce matin, jusqu'à ce que, Qu'est-ce que c'est?, sur ce, à ce sujet","Ce pronom démonstratif invariable représente un nom, un infinitif, une proposition. Il désigne la personne ou la chose dont on parle.<br />SUJET IMPERSONNEL.<br />Ce + consonne.<br />C’ + voyelle.<br />C’est + nom au singulier.<br />C’est + pronom. Les pronoms singuliers, moi, toi, lui, elle, et les pronoms pluriels, nous, vous.<br />C’est + que.<br />C’est + quantité.<br />Ce sont + nom au pluriel.<br />Ce sont + eux, elles.<br />Ce ne sont pas + eux, elles.<br />COMPLÉMENT DIRECT.<br />Cela.<br />","Faites ce que je vous dis et non ce que je fais .<br />Ce sera une belle journée .<br />C’était hier. Ç’aurait pu être très agréable .<br />C’est une jolie maison .<br />C’est nous qui viendrons .<br />C’est à compter de demain que les prix augmentent .<br />C’est 5&nbsp;$ le kilo .<br />Ce sont des tulipes .<br />Ce sont elles qui ont le mieux répondu .<br />Ce ne sont pas eux qui ont payé .<br />Le gouvernement veut accroître la présence du français dans Internet : pour ce faire, il subventionnera la production d’outils informatiques en français .<br />"
"soir","evening","evening, eve, dusk","soir, soirée, couche, couchée, temps de couchée, veille, soir, crépuscule, soir, nuit tombante","soirée, soirée, soirée, après-midi, soirée, nuit, ce soir, hier soir, cours du soir, un soir, chaque soir, repas du soir, du matin au soir, du soir","Fin du jour.<br />","Un beau soir d’été .<br />"
"m'oublie","forget me","","","","",""
"pas","not","not, step, footstep, steps, pitch, pace, tread, move, foot, gauge, gage","pas, non, ne, pas du tout, ne ... point, ne ... pas, étape, pas, mesure, démarche, seuil, marchepied, pas, bruit de pas, empreinte, trace de pas, mesures, pas, escalier, pas, terrain, hauteur, tangage, brai, poix, rythme, allure, pas, vitesse, bande de roulement, semelle, pas, giron, chenille, bruit de pas, mouvement, déplacement, déménagement, passage, coup, pas, pied, bas, marche, patte, bout, pas, jauge, calibre, gabarit, pas, jauge, gage, calibre, gabarit, gant, pas","non, mauvais, non, ne, mauvais, empreinte, ruban, non, filetage, escalier, allure, rythme, enjambée, disposition, lancer, passage, empreinte, ruban, fil, non, rien, personne, filetage, fil, escalier, marche, échelon, baïonnette, allure, démarche, rythme, enjambée, disposition, étape, mesure, lancer, passage, démarche, coup, je ne sais pas, pas encore, pas mal, pas grave, pas du tout, pas de problème, pas bien, ne pas, pas cher, Je ne sais pas.","L’adverbe de négation est généralement précédé des particules de négation ne ou non.<br />Mouvement de mettre un pied devant l’autre pour marcher.<br />Façon de marcher.<br />Trace laissée par une personne en marchant.<br />Seuil.<br />","Elle ne viendra pas .<br />Il fait de grands pas, elle avance de quelques pas, puis revient sur ses pas .<br />Un pas cadencé, un pas de gymnastique .<br />Les enfants ont raconté avoir vu des pas dans la neige .<br />Sur le pas de la porte .<br />"
"je t'attendrai au moins le temps de dire","I will wait at least the time to say","","","","",""
"t'attendrai","wait for you","","","","",""
"au","the","","","au revoir, au moins, au lieu de, au contraire, au plus tard, au début, au fait, au dessus, au-dessus, au milieu","Au . Forme contractée de la préposition à et de l’article masculin le.<br />Aux . Forme contractée de la préposition à et de l’article masculin et féminin les.<br />","Les pommiers fleurissent au printemps .<br />Étienne a écrit aux copains de l’été .<br />"
"moins","less","less, fewer, minus, wanting","moins, encore moins, moins, moins, quantité négative, sans, moins","plus, pratiquement, conformément, signe moins, au moins, moins cher, à moins que, plus ou moins, du moins, moins de, encore moins, de moins en moins, moins que, à moins de","Superlatif de l’adverbe peu. Le, la, les... que + subjonctif.<br />Comparatif de l’adverbe peu. Moins que + comparaison.<br />L’adverbe moins marque l’infériorité.<br />Signe de la soustraction.<br />La plus petite quantité.<br />La préposition sert à introduire un nombre négatif.<br />En soustrayant, en déduisant.<br />","Les jeunes s’inquiètent moins que leurs parents .<br />Le moins que nous puissions espérer .<br />C’est l’hiver, il fait moins vingt degrés Celsius (– 20 °C) ou vingt degrés au-dessous de zéro (et non *sous zéro ou *en bas de zéro) .<br />Sept moins trois égale quatre (7 – 3 = 4) .<br />"
"dire","say","say, tell, speak, talk, state, express, mention, put, admit, bid","dire, parler, indiquer, prononcer, déclarer, prétendre, dire, raconter, informer, parler, révéler, narrer, parler, dire, prendre la parole, répondre, demander, parler, discuter, dire, bavarder, discourir, rapporter, dire, déclarer, exposer, spécifier, formuler, nommer, exprimer, dire, formuler, manifester, énoncer, extraire, mentionner, citer, dire, signaler, faire mention, mettre, placer, poser, présenter, dire, soumettre, admettre, avouer, reconnaître, dire, convenir, laisser entrer, demander, faire une offre, dire, inviter, ordonner, enjoindre","passer, supposer, communiquer, divulguer, déclarer, articuler, garantir, contenter, vouloir dire, appartenir à, enjoindre, soutenir, négliger, narrer, prouver, lire, proclamer, passer, partir, faire, départir, disparaître, aller, devenir, supposer, communiquer, divulguer, révéler, exposer, passer, faire, aller, déclarer, affirmer, alléguer, accuser, articuler, prononcer, passer, partir, faire, aller, devenir, garantir, assurer, déclarer, affirmer, contenter, indiquer, remarquer, commenter, apercevoir, montrer, passer, fonctionner, partir, faire, courir, aller, devenir, marcher, vouloir dire, entraîner, supposer, entendre, signifier, appartenir à, passer, faire, appartenir, aller, devenir, enjoindre, soutenir, cohabiter, passer, vivre, partir, faire, survivre, tenir le coup, traverser, hier, accommoder, résider, continuer, demeurer, aller, devenir, durer, négliger, passer, sortir avec, distribuer, partir, faire, mourir, tomber en panne, faillir, aller, devenir, abandonner, narrer, rapporter, conter, raconter, passer, partir, faire, procéder, aller, devenir, prouver, démontrer, témoigner, montrer, lire, être debout, évoquer, prononcer, relire, admettre, penser, proclamer, afficher, déclarer, affirmer, décréter, prononcer, annoncer, parole, bouche, moyen, demande, accent, répétition, parole, terme, mot, bouche, muet, moyen, moyenne, demande, revendication, accent, répétition, c'est-à-dire, vouloir dire, à vrai dire, pour ainsi dire, sans rien dire, dire bonjour, dire au revoir, se dire, cela va sans dire, dire merci","Exprimer par la parole.<br />Inviter à, demander.<br />Penser.<br />Prétendre.<br />Se déclarer.<br />Être employé, en parlant d’un mot, d’une expression.<br />Ce qu’une personne avance, déclare, rapporte.<br />","Je vous dis merci .<br />Elle me dit de venir .<br />Ils se sont dits heureux de ce dénouement .<br />Le mot aborigène se dit de la personne dont les ancêtres ont toujours habité le pays où elle vit .<br />Les dires des experts sont parfois contradictoires .<br />"
"que j'ai voulu prendre le plus grand risque","I wanted to take the greatest risk","","","","",""
"que","than","that, than, whether, that, which, what, whom, than, which, what, how","que, afin que, autant que, que, si, que, soit, que, qui, ce, celle, celui, cela, qui, laquelle, lequel, que, quel, quelle, que, quoi, quel, qui, que, à qui, avec qui, que, de, que, quel, que, quelle, quel, comment, que","aussi, mais, même, cependant, aussi, tant, puisque, même, également, quand, comme, mais, seul, uniquement, seulement, exclusivement, même, cependant, mais, simplement, uniquement, seulement, sauf, que?, alors que, bien que, ainsi que, parce que, tandis que, pour que, dès que, tant que, en tant que, afin que","",""
"voulu","desired","desired, intended, required, requisite, agreed, intentional, willful, wilful","voulu, prévu, voulu, destiné à, intentionnel, demandé, requis, demandé, exigé, voulu, requis, nécessaire, voulu, convenu, entendu, voulu, intentionnel, délibéré, voulu, délibéré, obstiné, prémédité, voulu, opiniâtre, têtu, délibéré, obstiné, prémédité, voulu, opiniâtre, têtu","en temps voulu","",""
"prendre","take","take, assume, acquire, have, catch, pick up, take up, take in, capture, seize, take over, drink, get on, occupy, catch on, charge, come over, make a note of, cut, book","prendre, emporter, faire, tirer, reprendre, saisir, assumer, supposer, prendre, présumer, admettre, adopter, acquérir, obtenir, prendre, gagner, avoir, posséder, prendre, comporter, tenir, comprendre, attraper, prendre, capturer, saisir, attirer, pêcher, ramasser, prendre, reprendre, capter, capter, relever, prendre, adopter, absorber, embrasser, lever, faire monter, prendre, recevoir, saisir, recueillir, reprendre, englober, capturer, capter, prendre, arrêter, faire capturer, s'emparer de, saisir, prendre, gripper, confisquer, se saisir de, capturer, prendre, prendre la relève, occuper, se charger de, prendre le pouvoir, adopter, boire, consommer, prendre, manger, absorber, prendre une boisson, prendre, monter, continuer, poursuivre, réussir, réaliser, occuper, prendre, remplir, habiter, absorber, résider dans, prendre, comprendre, se répandre, devenir populaire, charger, facturer, demander, accuser, inculper, prendre, prendre, prendre, couper, réduire, tailler, trancher, sabrer, prendre, réserver, louer, inscrire, retenir, prendre, enregistrer","recueillir, élire, faire, assumer, tenir, contempler, grossir, abonner, payer, reprendre, amener, être, obtenir, attaquer, conduire, demander, retenir, avoir, avancer, louer, choper, occuper, atteindre, former, éprouver, entamer, reposer, lire, confisquer, consommer, subir, être debout, recueillir, recevoir, élire, choisir, sélectionner, opter, faire, être, assumer, recueillir, accepter, permettre, admettre, recevoir, tenir, contempler, regarder, considérer, grossir, assumer, adopter, obtenir, supposer, arrêter, abonner, tenir, faire, payer, reprendre, choisir, amener, obtenir, être, avoir, contracter, devenir, être, avoir, devoir, tenir, obtenir, être, avoir, laisser, devoir, tenir, permettre, devenir, recevoir, rendre, être, avoir, devoir, attaquer, agresser, conduire, aller, recueillir, comporter, accepter, faire, rendre, demander, appeler, passer, réunir, recueillir, ramasser, collecter, collectionner, retenir, faire, donner, être, avoir, devoir, tenir, rendre, recueillir, être, avoir, devoir, accepter, tenir, admettre, recevoir, avoir, avancer, se passer, progresser, arriver, continuer, louer, amener, apporter, tenir, transporter, choper, arrêter, saisir, occuper, atteindre, endurer, obtenir, être, subir, avoir, souffrir, devoir, tenir, continuer, devenir, recevoir, former, entraîner, rechercher, éprouver, être, avoir, devoir, tenir, entamer, maintenir, procéder, se passer, diriger, arriver, continuer, reposer, distinguer, privilégier, posséder, être, mentionner, avoir, comporter, devoir, ressembler, tenir, paraître, demeurer, disposer, lire, tenir, confisquer, assumer, reprendre, adopter, supposer, usurper, saisir, consommer, subir, soumettre, assumer, adopter, souffrir, supposer, accepter, admettre, recevoir, être debout, lever, dresser, situer, assumer, adopter, supposer, prendre une douche, prendre conscience, prendre soin, prendre en charge, prendre soin de, prendre une décision, prendre un bain, prendre des vacances, prendre une photo, prendre en considération","Saisir.<br />Absorber de la nourriture, une boisson.<br />Contracter une maladie.<br />Choisir.<br />Utiliser.<br />Considérer comme.<br />Choisir un chemin, une direction.<br />Épaissir.<br />Amorcer la combustion, en parlant d’un feu.<br />Réussir.<br />S’enraciner.<br />Se saisir réciproquement.<br />Se laisser captiver, séduire.<br />S’accrocher.<br />","Prendre quelqu’un pour un fou .<br />Prends la crème glacée aux pistaches, elle est très bonne .<br />Prenez les moyens, les précautions qui s’imposent .<br />Prendre un crayon et un papier .<br />Prendre un repas .<br />Prendre un rhume .<br />"
"grand","great","large, great, big, wide, broad, spacious, high, tall, good, substantial, loud, noble, roomy, goodly, full grown","grand, large, gros, vaste, nombreux, considérable, grand, super, génial, important, immense, fort, grand, gros, important, fort, ambitieux, marquant, large, vaste, grand, ample, immense, énorme, large, vaste, général, grand, immense, fort, spacieux, grand, ample, étendu, haut, élevé, grand, important, brillant, violent, grand, haut, élevé, de haute taille, très haut, excessif, bon, beau, agréable, favorable, brave, grand, substantiel, important, considérable, réel, solide, grand, fort, bruyant, sonore, grand, très haut, criard, noble, précieux, grand, magnanime, spacieux, grand, ample, beau, grand, gracieux, ample, grand","majeur, capital, fanfaron, gros, étendu, beau, gravide, fin, merveilleux, haut, imposant, important, fort, éminent, plantureux, majeur, capital, primordial, fanfaron, orgueilleux, vaniteux, gros, mûr, adulte, majeur, gros, lourd, étendu, ample, large, beau, généreux, étendu, ample, large, considérable, majeur, gravide, gros, enceinte, fin, sensass, très bien, pas mal, bath, génial, merveilleux, haut, haut, gros, supérieur, étendu, ample, large, spacieux, imposant, considérable, majeur, significatif, important, majeur, principal, fort, solide, puissant, robuste, gros, large, nombreux, éminent, fameux, plantureux, ample, large, abondant, profus, gros, gros, plus grand, grand-mère, le plus grand, grand public, grand-père, trop grand, grand magasin, grand livre, assez grand, grand nombre","Dont la taille dépasse la moyenne.<br />Qui a atteint l’âge adulte.<br />Important, extraordinaire.<br />Considérable.<br />Personne adulte.<br />Personne importante.<br />","Une grande personne peut être petite .<br />Un grand évènement .<br />Une grande fortune .<br />Les petits et les grands .<br />Les grands de ce monde .<br />"
"risque","risk","risk, danger, peril, hazard, riskiness","risque, danger, risque, péril, danger, risque, danger, risque, hasard, péril, témérité, risque, aléas, hasards","spéculation, danger, péril, danger, risqué, risquer, prendre le risque, sans risque, prendre un risque, au risque de","Possibilité d’accident, de malheur, de perte.<br />Éventualité d’un évènement susceptible d’avoir des conséquences fâcheuses (incendie, accident, inondation, etc.).<br />","Cette aventure comporte des risques .<br />Se garantir de tout risque, contre les risques .<br />"
"un soir qui m'a rendue bien triste","one evening that made me sad","","","","",""
"un","a","a, an, one, one, one, one","un, une, un, une, un, une, unique, un, une, homme, un, un","inégalable, une, par, an, seul, un peu, quelqu'un, un jour, un petit peu, un moment, un autre, un moyen, faire un effort, d'un, faire un voyage","Simple, unique.<br />Nombre qui exprime l’unité.<br />Première page d’un quotidien.<br />Une unité.<br />Premier.<br />Le déterminant indéfini se rapporte à une personne, à une chose indéterminée ou non encore dénommée.<br />Quelqu’un, une certaine personne.<br />","Dans ce jardin poussent un saule et deux pommiers .<br />"
"qui","which","which, that, who, whom","qui, laquelle, lequel, que, quel, quelle, que, qui, ce, celle, celui, cela, qui, ceux, celles, qui, que, à qui, avec qui","qui?, avec qui, en ce qui concerne, n'importe qui, à qui, de qui, à qui de droit, celui qui, qui convient, qui plus est, qui dort","Pronom qui relie une phrase subordonnée à un nom ou à un pronom (l’antécédent).<br />","Le film qui l’a bouleversé raconte le génocide arménien .<br />"
"m'a","me","my","mes, mon, ma","ma femme, ma chérie, ma famille, de ma part, pour ma part, ma petite, à ma place, ma parole, à ma grande surprise, de ma famille","Déterminant possessif féminin de la première personne du singulier qui détermine le nom en indiquant le « possesseur » de l’objet désigné. Il s’accorde en genre et en nombre avec le nom déterminé.<br />Le déterminant possessif s’accorde en personne avec le nom désignant le « possesseur ». Ainsi, le déterminant possessif ma renvoie à un seul « possesseur » d’un être, d’un objet de genre féminin.<br />","Ma chambre .<br />Voici ma bicyclette (un seul possesseur) et regarde notre nouvelle voiture (plusieurs possesseurs) .<br />"
"rendue","made","","","","",""
"bien","good","well, good, very, nicely, all right, greatly, rightly, kindly, good, right, welfare, well-being, okay, okey, OK, possession, gold, right, nice, decent, alright","bien, très bien, tout à fait, par exemple, bien, tant mieux, très, bien, tout, exactement, seul, effectivement, bien, joliment, gentiment, agréablement, parfaitement, exactement, bien, exactement, considérablement, très, fort, bien, vivement, de beaucoup, justement, avec raison, bien, correctement, avec justesse, juste équitable, gentiment, bien, avec bonté, avec gentillesse, chaleureusement, complaisamment, bien, profit, humeur, droit, droite, bien, vrai, aide sociale, bien, assistance sociale, bonheur, confort, bien-être, bien-être, bonheur, bien, bien, bien, bien, possession, détention, bien, jouissance, or, bien, droit, bon, juste, bien, vrai, exacte, agréable, bien, beau, gentil, bon, joli, décent, convenable, honnête, bien, honorable, brave, bien","fin, meilleur, fin, en forme, satisfaisant, bon, meilleur, bon, alors, attentivement, confortablement, tout, justement, largement, comme ça, OK, vraiment, avantageusement, alors, attentivement, confortablement, aisément, tout, complètement, directement, pleinement, tout à fait, intégralement, entièrement, parfaitement, totalement, en même temps, justement, largement, copieusement, terriblement, sérieusement, considérablement, amplement, comme ça, alors, proprement, bon, largement, richement, alors, bon, OK, bon, vraiment, avantageusement, heureusement, favorablement, avoir, bon, Oklahoma, propriété, puits, marchandise, avoir, propriété, possession, bon, Oklahoma, propriété, puits, bon, marchandise, denrée, produit, Bien!, bien que, c'est bien, très bien, bien sûr, pas bien, tout va bien, bien entendu, ou bien, aussi bien, bien fait","Satisfaisant.<br />Convenable.<br />De bonne qualité.<br />Ce qui est louable, juste, conforme à un idéal.<br />Avantage, bénéfice.<br />Ce qu’on possède.<br />Chose créée par le travail en vue de satisfaire un besoin de la société.<br />D’une manière satisfaisante, convenable, agréable.<br />Beaucoup.<br />Très.<br />Environ.<br />","Cette musique est bien .<br />Faire le bien .<br />Grand bien vous fasse!<br />Ils ont des biens .<br />Les biens et les services .<br />Ses devoirs sont bien faits .<br />Ils sont bien peu nombreux .<br />Il y a bien cinq ans que je ne l’avais vu .<br />"
"triste","sad","sad, sorry, distressing, melancholy, gloomy, grim, depressed, blue, sorrowful, unhappy, dismal, dreary, disconsolate, drear, mournful, miserable, woeful, bad, depressing, cheerless, bleak, painful, upset, dark, sullen, glum, forlorn, rueful, joyless, gray, weary, wan, dead, dolorous, lachrymose, funereal, funeral, gaunt, woesome, wailful, mopish","triste, regrettable, douloureux, déplorable, attristant, fâcheux, désolé, triste, piteux, moche, pénible, inquiétant, triste, bouleversant, tourmentant, mélancolique, triste, attristant, sombre, triste, morne, lugubre, ténébreux, mélancolique, sinistre, triste, lugubre, sévère, macabre, menaçant, déprimé, triste, abattu, diminué, découragé, en déclin, bleu, triste, salé, porno, grivois, douloureux, triste, attristant, malheureux, mécontent, triste, misérable, fâcheux, inquiet, lugubre, triste, morne, sombre, morne, triste, lugubre, inconsolable, désolé, triste, triste, morne, lugubre, triste, funèbre, mélancolique, affligé, misérable, malheureux, triste, pauvre, minable, pitoyable, triste, malheureux, affligeant, tragique, très triste, mauvais, méchant, triste, pas bon, pas bien, de mauvaise qualité, déprimant, triste, décourageant, en déclin, triste, morne, sombre, sans agrément, morne, triste, lugubre, désolé, glacial, froid, douloureux, pénible, difficile, triste, laborieux, déchirant, dérangé, vexé, triste, ennuyé, indisposé, tracas, sombre, foncé, noir, obscur, brun, triste, morne, renfrogné, triste, menaçant, bougon, rétif, maussade, morne, mélancolique, triste, désespéré, triste, abandonné, délaissé, triste, piteux, attristant, triste, morne, gris, grisonnant, sombre, morne, triste, las, fatigué, épuisé, fatigant, abattu, triste, blême, pâle, blafard, triste, maigre, faible, mort, décédé, défunt, disparu, éteint, triste, triste, plaintif, morne, triste, morne, lugubre, triste, funérailles, funèbre, obsèques, triste, décharné, émacié, creux, morne, triste, tragique, triste, malheureux, très triste, affligeant, gémissant, triste, triste","malheureux, lamentable, sérieux, découragé, malheureux, lamentable, pauvre, sérieux, découragé, abattu, déprimé, très triste, être triste, rendre triste, chanson noire triste","Chagriné, peiné.<br />Qui exprime la tristesse, qui n’est pas gai.<br />Qui cause du chagrin.<br />Sombre, maussade, en parlant du temps.<br />Déplorable, méprisable.<br />","Il est triste depuis que sa copine l’a quitté .<br />Une chanson triste .<br />Nous avons une triste nouvelle à vous apprendre : votre copain est à l’hôpital .<br />Les jours tristes de novembre .<br />Un triste personnage, une triste affaire .<br />"
"un soir place de la république","one night instead of the republic","","","","",""
"et comme tu vois c'est bien la fin","and as you know this is the end","","","","",""
"comme","as","as, since, as though, like this, like that, as, like, per, such as","comme, ainsi, puisque, ainsi que, alors que, étant donné que, puisque, comme, depuis que, dès lors que, comme si, comme, comme, comme, comme, en tant que, en qualité que, comme, par, suivant, comme, comme, tel que","si, tellement, aussi, ainsi, si, tellement, ainsi, aussi, alors, tellement, ainsi, aussi, tant, puisque, même, également, quand, que, ainsi, comme ça, comme convenu, comme d'habitude, comme prévu, comme quoi, comme vous voulez, comme cela, comme toujours, comme il faut, comme si","Combien, à quel point.<br />Ainsi que, de la même manière que.<br />La conjonction comme introduit une proposition circonstancielle :.<br />De manière. De la façon dont.<br />De cause. Puisque.<br />De temps. Tandis que.<br />","Lent comme une tortue .<br />J’ai planté ces fleurs comme vous le désiriez .<br />Comme il pleuvait, la promenade a été remise .<br />Comme nous arrivions, le soleil se montra .<br />"
"vois","see","see, look, view, sight, spy, behold, vide, imagine, be able to see, take notice, conceive","voir, découvrir, savoir, visiter, regarder, apercevoir, regarder, examiner, voir, surveiller, voir, regarder, examiner, visiter, étudier, avoir un avis, voir, apercevoir, regarder, espionner, épier, remarquer, reconnaître, apercevoir, voir, voir, apercevoir, remarquer, voir, réviser, imaginer, penser, croire, supposer, se représenter, voir, voir, prêter attention, remarquer, tenir compte de qch, faire attention au chien, voir, concevoir, imaginer, penser, comprendre, croire, voir","comprendre, croire, atteindre, trouver, visiter, percevoir, rétorquer, accompagner, vérifier, regarder, analyser, apercevoir, estimer, aider, éprouver, songer, prévoir, assister, comprendre, croire, penser, réfléchir, atteindre, frapper, réunir, parvenir, saisir, rencontrer, trouver, visiter, rendre visite, percevoir, rétorquer, estimer, conclure, sentir, éprouver, croire, sembler, imaginer, chercher, ressentir, juger, parvenir, deviner, considérer, imprimer, rencontrer, dégager, trouver, rechercher, penser, accompagner, vérifier, regarder, regarder, analyser, interpréter, comprendre, entendre, traduire, vérifier, examiner, apercevoir, vérifier, constater, contrôler, infirmer, certifier, assurer, comprendre, réaliser, estimer, juger, considérer, croire, être d'avis, penser, réfléchir, aider, assister, vérifier, sembler, visiter, soigner, jeter, réexaminer, paraître, consulter, éprouver, subir, comprendre, traverser, comprendre, apprendre, découvrir, déceler, songer, croire, être d'avis, supposer, penser, réfléchir, prévoir, comprendre, imaginer, visualiser, croire, être d'avis, trouver, penser, réfléchir, prévoir, croire, être d'avis, envisager, entendre, concevoir, signifier, trouver, penser, avoir l'intention, réfléchir, assister, témoigner, se voir, aller voir, voir le jour, faire voir, voir à travers, voir c'est croire, venir voir, Désirez-vous voir la carte des vins?, laisser voir, voir venir","Percevoir par la vue.<br />Être témoin d’un évènement.<br />Visiter, parcourir.<br />Se trouver en présence de.<br />Constater.<br />Supporter.<br />Veiller à.<br />Percevoir par la vue.<br />Apercevoir sa propre image.<br />Se regarder, se rencontrer.<br />Être aperçu, être visible.<br />Se trouver.<br />","Je vois que tu travailles fort .<br />Elle ne peut plus la voir, elle est si désagréable .<br />De son bureau, on voit la cime des arbres .<br />Ils ont vu l’accident se produire .<br />Nous avons vu tous les châteaux de la Loire .<br />Venez donc prendre le thé, il y a si longtemps qu’on ne vous a vus .<br />"
"fin","end","end, ending, close, conclusion, termination, finish, stop, point, aim, demise, death, fate, tag, fine, thin, slender, keen, sharp, astute, soft, sterling, willowy","fin, extrémité, bout, terme, but, arrêt, fin, terminaison, conclusion, désinence, fin, fini, couloir, conclusion, fin, clôture, déduction, épilogue, terminaison, résiliation, fin, licenciement, dénonciation, conclusion, finition, fini, fin, dernière touche, dénouement, touches, arrêt, stop, escale, étape, fin, station, point, virgule, pointe, moment, endroit, fin, but, objectif, fin, affaire, disparition, mort, fin, décès, cessation, transfert par legs, décès, fin, trépas, tuerie, sort, destin, destinée, mort, fin, catastrophe, étiquette, balise, marque, plaque, slogan, fin, fin, beau, belle, excellent, raffiné, agréable, mince, fin, léger, maigre, faible, plat, mince, svelte, élancé, fin, maigre, effilé, vif, aigu, enthousiaste, aiguisé, fin, pénétrant, pointu, tranchant, net, dièse, vif, fin, astucieux, fin, rusé, malin, doux, souple, mou, moelleux, faible, fin, fin, de confiance, sûr, de bon aloi, svelte, mince, fin, agile","acerbe, fragile, spirituel, grand, bien, mince, acerbe, pointu, mordant, vif, aigu, amer, âcre, perçant, âpre, cuisant, aigre, piquant, incisif, saillant, pénétrant, acrimonieux, fragile, spirituel, mental, grand, sensass, très bien, pas mal, bath, génial, bien, en forme, satisfaisant, bon, mince, ténu, acerbe, pointu, acariâtre, grincheux, mordant, vif, aigu, âcre, perçant, âpre, cuisant, aigre, piquant, incisif, saillant, pénétrant, propos, extrémité, objectif, terme, échéance, issue, finale, résiliation, mort, revêtement, bout, conclusion, lever, propos, effet, vue, intention, objectif, dessein, conception, but, projet, extrémité, bout, issue, terme, terminaison, objectif, but, terme, dernier, échéance, expiration, issue, terme, finale, conclusion, résiliation, terminus, mort, destruction, terme, revêtement, bout, conclusion, conséquence, conclusion, conséquence, décision, conclusion, extrémité, bout, lever, conclusion, fermeture, dernier, extrémité, bout, terminaison, objectif, destination, but, extrémité, tôt ou tard, tôt ou tard, éventuellement, mais, à l'heure, encore, pourtant, finalement, à la fin, sans fin, en fin, fin de semaine, en fin de compte, mettre fin, jusqu'à la fin, fin de la semaine, mettre fin à, la fin justifie les moyens","Dont les éléments sont extrêmement petits.<br />Délicat, gracieux.<br />Pur, véritable.<br />De qualité supérieure.<br />Malin, vif.<br />Gentil, sympathique.<br />Moment, lieu où se termine quelque chose.<br />But, chose à&nbsp;réaliser.<br />Finement.<br />Tout à fait.<br />","De l’or fin, des pierres fines .<br />Des vins fins .<br />Un esprit très fin .<br />Comme Catherine est fine : elle m’a offert un bouquet de lilas!<br />La fin des vacances .<br />À des fins économiques .<br />Elle est fin seule .<br />"
"je dois traverser l'océan demain matin","I have to cross the ocean tomorrow","","","","",""
"dois","have","have to, owe","devoir, avoir à, falloir, être obligé, devoir","avoir, prendre, retenir, éprouver, reposer, avoir, prendre, être, avoir, tenir, prendre, obtenir, être, avoir, laisser, tenir, permettre, devenir, recevoir, rendre, prendre, être, avoir, retenir, prendre, faire, donner, être, avoir, tenir, rendre, prendre, recueillir, être, avoir, accepter, tenir, admettre, recevoir, prendre, atteindre, endurer, obtenir, être, subir, avoir, souffrir, tenir, continuer, devenir, recevoir, éprouver, prendre, être, avoir, tenir, reposer, distinguer, prendre, privilégier, posséder, être, mentionner, avoir, comporter, ressembler, tenir, paraître, demeurer, disposer, devoir à la maison, devoir de la maison, faire un devoir, devoir conjugal","Avoir à payer (une somme d’argent).<br />Avoir une obligation de reconnaissance à l’égard de quelqu’un, de quelque chose.<br />Être obligé à (quelque chose), avoir des devoirs envers (quelqu’un).<br />Être moralement obligé de.<br />","Il lui doit sa situation .<br />Ils doivent la vérité à leurs parents .<br />"
"traverser","cross","cross, traverse, span, pass through, pass across, get through, penetrate, walk, go across, get across, cut across, track, go over, come across, fly across, voyage, jump, negotiate","traverser, franchir, croiser, se croiser, barrer, biffer, traverser, se mettre à la traverse, enjamber, traverser, jeter un pont, construire un pont, mesurer à l'empan, traverser, franchir, transiter, traverser, traverser, faire passer, pénétrer, parvenir, réussir, terminer, pénétrer, pénétrer dans, traverser, entrer dans, transpercer, comprendre, marcher, se promener, aller à pied, traverser, traverser, faire passer, traverser, pénétrer, traverser, se croiser, traquer, pister, suivre la trace, traverser, marcher sur la trace, laisser des traces, passer, traverser, repasser, étudier, examiner, réviser, rencontrer, tomber sur, trouver par hasard, traverser, rencontrer par hasard, retomber sur, traverser, voyager, parcourir, traverser, sauter, sursauter, augmenter, quitter, sautiller, traverser, négocier, franchir, traiter, parlementer, accomplir, traverser","passer, infiltrer, transir, balayer, soutenir, éprouver, franchir, passer, infiltrer, transir, transiter, balayer, soutenir, cohabiter, passer, vivre, partir, faire, survivre, tenir le coup, dire, hier, accommoder, résider, continuer, demeurer, aller, devenir, durer, éprouver, subir, comprendre, voir, franchir, traverser la route, traverser à la nage","Passer d’un côté à l’autre.<br />Passer par.<br />","Traverser un lac à la nage .<br />Cette idée m’a traversé l’esprit .<br />"
"l'océan","ocean","","","","",""
"demain","tomorrow","tomorrow, tomorrow","demain, demain, lendemain","après-demain, demain matin, après-demain, de demain, Quel jour serons-nous demain?, Je pars demain.","Le jour qui suit celui où l’on est.<br />Avenir.<br />","« À demain, Pierre! » crièrent les élèves .<br />Des demains prometteurs .<br />"
"matin","morning","morning, morn, morrow","matin, matinée, matin, aube, matin","matinée, aube, lendemain, matinée, bonjour, aube, matinée, aurore, lendemain, aube, matinée, avant-midi, le matin, demain matin, du matin, ce matin, hier matin, au matin, petit matin, du matin au soir, réveille-matin, dès le matin","Début de la journée.<br />Au début du jour.<br />","Elle part tous les matins .<br />Tous les lundis matin .<br />"
"de tes bras, je m'arracherai tout doucement","your arms, I gently pluck","","","","",""
"tes","your","your, your, thy","votre, vos, tes, ton, ta, votre, vos, tes, ton, ta, à vous, tes, ton, ta","","Déterminant possessif pluriel de la deuxième personne du singulier qui détermine le nom en indiquant le « possesseur » de l’objet désigné. Il s’accorde en genre et en nombre avec le nom déterminé.<br />Le déterminant possessif s’accorde en personne avec le nom désignant le « possesseur ». Ainsi, le déterminant possessif tes renvoie à un seul « possesseur » de plusieurs êtres, de plusieurs objets.<br />","Tes jouets .<br />Fanny, joue avec tes animaux! (un seul possesseur) .<br />"
"bras","arm","arm, branch, jib, handle, web","bras, branche, arme, manche, armes, blason, branche, succursale, section, embranchement, rameau, bras, foc, bras, poignée, manche, anse, manivelle, bras, portant, toile, réseau, tissu, palmure, lacis, bras","accoudoir, arme, épaule, manche, accoudoir, désarmement, arme, arme, b, main, épaule, ajutage, branche, main, manche, arme, manchon, avant bras, bras de fer, croiser les bras, bras de levier, serrer dans les bras, gros bras, bras de mer, J'ai mal au bras., sous le bras, lever le bras","Membre supérieur de l’être humain, qui est rattaché à l’épaule.<br />","Ses bras sont musclés .<br />"
"m'arracherai","I pluck","","","","",""
"tout","all","all, any, every, entire, most important, all, very, in all, all up, all, whole, all, any, anything","tous, toutes, tout, toute, tout, quelconque, n'importe quel, chaque, tous, tout, tout, complet, total, intact, tout, tout, tout à fait, très, bien, tout, exactement, seul, effectivement, en tout, tout, en général, tout compris, généralement, en tout et pour tout, tout, tout, ensemble, tout, tout, tout, n'importe lequel, rien, tout, quelque chose, n'importe quoi","bien, partout, bien, complètement, directement, pleinement, tout à fait, intégralement, entièrement, parfaitement, totalement, en même temps, partout, n'importe où, abondance, rien, unité, totalité, femme de ménage, abondance, multitude, rien, personne, unité, totalité, ensemble, totalité, ensemble, femme de ménage, sportif, femme, fille, nettoyeuse, tout le monde, tout de suite, tout droit, tout seul, malgré tout, pas du tout, en tout cas, tout d'abord, tout de même, tout à fait","",""
"doucement","gently","gently, slowly, softly, quietly, smoothly, mildly, with care","doucement, gentiment, avec douceur, sans forcer, piano, lentement, doucement, peu à peu, doucettement, doucement, légèrement, tendrement, gentiment, tranquillement, doucement, discrètement, calmement, paisiblement, sagement, doucement, doucement, vaguement, précautionneusement, doucement","progressivement, insensiblement, progressivement, facile, lentement, aisément, facilement, progressivement, peu à peu, graduellement, pas à pas, insensiblement, peu à peu, imperceptiblement","D’une manière douce.<br />Lentement.<br />","Il caressa doucement son chaton .<br />Roulez doucement, il y a beaucoup d’enfants qui jouent dans la rue .<br />"
"et c'est la réalité qui m'attend","and this is the reality that awaits me","","","","",""
"réalité","reality","reality, fact, actuality, case","réalité, fait, réalité, réalité, actualité, cas, affaire, boîtier, cause, étui, réalité","fait, vérité, monde, réalisme, concret, fait, effet, vérité, vrai, monde, réalisme, concret, réel, en réalité, réalité augmentée, faire face à la réalité","Ce qui existe.<br />","Ne pas prendre ses désirs pour des réalités .<br />"
"m'attend","I expected","","","","",""
"je sais ton coeur est habité","I know your heart is inhabited","","","","",""
"ton","tone","your, your, thy, tone, note, voice, pitch, shade, key","votre, vos, tes, ton, ta, votre, vos, tes, ton, ta, à vous, tes, ton, ta, ton, tonalité, son, tonicité, sonorité, timbre, note, mot, commentaire, annotation, ton, touche, voix, ton, pas, terrain, hauteur, tangage, brai, ton, ombre, nuance, teinte, ton, fantôme, clé, touche, clef, tonalité, solution, ton","annotation, note, teinte, sens, tonalité, réglage, touche, annotation, note, note, teinte, ombre, ordinaire, nuance, sens, esprit, regard, saveur, teinte, timbre, qualité, teinte, plage, arène, cran, sable, tonalité, réglage, accord, accordage, touche, clé, clef, légende, c'est ton affaire, donner le ton","Hauteur moyenne de la voix, d’un son.<br />Inflexion de la voix.<br />Manière d’être.<br />Couleur considérée sous l’angle de son intensité.<br />Déterminant possessif masculin de la deuxième personne du singulier qui détermine le nom en indiquant le « possesseur » de l’objet désigné. Il s’accorde en genre et en nombre avec le nom déterminé.<br />Le déterminant possessif s’accorde en personne avec le nom désignant le « possesseur ». Ainsi, le déterminant possessif ton renvoie à un seul « possesseur » d’un être, d’un objet de genre masculin.<br />","Un ton grave, un ton aigu .<br />Il l’a crié sur tous les tons .<br />Ces tenues sont de bon ton, de mauvais ton .<br />Des tons pâles .<br />Ton cadenas .<br />Tu promènes ton chien Zoé (un seul possesseur) .<br />"
"coeur","heart","","","somme, noyau, cœur, centre, substance, essentiel, viande, fond, moelle, milieu, œil, centre, cœur","",""
"est","is","is, east, eastern","est, est, orient, levant, est, oriental, de l'est","Levant, levant, Est, Orient, orient, état, Est, état, Est, être, estre, c'est, c'est bien, c'est dommage, il est, c'est pourquoi, c'est vrai, c'est moi, c'est-à-dire, c'est possible, c'est ça","Qui est à l’est.<br />Abréviation E . (s’écrit avec un point).<br />Un des quatre points cardinaux, orienté du côté du soleil levant.<br />","La côte est du Canada, le versant est d’une montagne .<br />Le soleil se lève à l’est .<br />"
"habité","inhabited","","","","",""
"par une ou d'autre fille qui t'ont marquées","by one or the other girl that you have marked","","","","",""
"par","by","by, per, through, via, to, on, out of, par","par, de, selon, à, près de, suivant, par, suivant, comme, par, à travers, via, au travers, par l'entremise, via, par, à, de, pour, vers, sur, par, sur, dans, par, au bord de, de, hors de, par, en dehors de, par, pair, égalité, normale","une, un, an, par contre, par ailleurs, par conséquent, par exemple, par hasard, par rapport à, par terre, par la suite, par jour, une fois par semaine","La préposition marque une relation :.<br />De lieu . À travers.<br />De temps . Au cours de.<br />De distribution . Pour chaque.<br />De subdivision.<br />De cause.<br />D’ agent.<br />D’ instrument, de moyen.<br />De manière.<br />","Passer par Trois-Rivières pour aller à Québec .<br />Par une belle nuit étoilée .<br />Il gagne 1000&nbsp;$ par semaine .<br />Répartir ces animaux par classes et sous-classes .<br />Engourdi par le froid .<br />Ce roman a été écrit par une jeune femme .<br />Voyager par avion .<br />Classer des données par ordre alphabétique .<br />"
"une","a","a, an, one, one","un, une, un, une, un, une, unique, un, une, homme","un, par, an, encore une fois, une fois, prendre une douche, il était une fois, une personne, passer une commande, une fois par semaine, prendre une décision, poser une question, une fois par mois","",""
"ou","or","or","ou, ni","non plus, où, plus ou moins, ou bien, n'importe ou, tôt ou tard, tel ou tel, l'un ou l'autre, au moment ou, sauf erreur ou omission, d'une manière ou d'une autre, dans la mesure ou","Conjonction de coordination qui lie des mots ou des phrases de même catégorie.<br />","Boire du café ou du thé .<br />"
"d'autre","else","else, besides, more","autre, de plus, d'autre, en plus de, en outre, à part, par ailleurs, d'autre, à l'exception, plus, de plus, encore de, d'autre","autre","",""
"fille","girl","girl, daughter, woman, child, maid, she, gal, lass","fille, jeune fille, nana, copine, petite amie, fille, femme, fille, bonne femme, maîtresse, féminité, enfant, fils, fille, petit, fillette, gamin, servante, femme de chambre, fille, domestique, femme de ménage, jeune fille, fille, fille, jeune fille, fille, copine, petite amie","oiseau, petite, petite amie, catin, jeune fille, tout, oiseau, gonzesse, poussin, jeune fille, minette, poupée, jupe, nana, petite, jeune fille, fifille, gamine, fillette, petite amie, jeune fille, femme, catin, putain, pute, prostituée, jeune fille, poupée, demoiselle, jeune femme, fillette, jeune fille, jeune femme, jeune fille, femme, tout, femme de ménage, sportif, femme, nettoyeuse, jeune fille, petite fille, belle fille, jolie fille, nom de jeune fille, belle-fille, fille unique, vieille fille, fille moche, fille facile","Personne du sexe féminin considérée par rapport à sa mère, à son père (par opposition à fils ).<br />Enfant du sexe féminin (par opposition à garçon ).<br />","Sa fille se nomme Marie-Ève .<br />Dans la classe, il y a 13 filles et 12 garçons .<br />"
"t'ont","you have","","","","",""
"marquées","marked","","","","",""
"moi je suis moins forte que les autres","I am less strong than others","","","","",""
"moi","I","me, I, us, ego","me, moi, je, moi, nous, moi, ego, moi, arrogance","autodétermination, ego, arrêt, Maine, position, égotisme, autodétermination, ego, arrêt, gouvernement, avis, œil, règlement, déclaration, vue, jugement, tenue, décision, penser, opinion, Maine, position, œil, vue, vision, penser, opinion, égotisme, pour moi, chez moi, c'est moi, avec moi, selon moi, et moi aussi, de moi, pas moi, à moi, devant moi","La personne humaine.<br />Égocentrisme.<br />L’un des trois éléments de la structure psychique qui équilibre les pulsions instinctives et inconscientes (le ça ) et la censure (le surmoi ).<br />Pronom personnel masculin et féminin de la première personne du singulier.<br />EMPLOIS.<br />","Tu ne penses qu’à ton moi .<br />"
"suis","am","am","suis","suivre, être, estre, je suis désolé, Je suis en vacances., Je suis vraiment désolé., Je suis seul., Je suis célibataire., Je suis pressé., Je ne suis pas sûr., Je suis enceinte., Je suis étudiant., Je me suis perdu.","",""
"forte","strong","forte","forte, solide","fort, trop forte, forte baisse, forte hausse, forte fièvre, d'une voix forte, place forte, odeur forte","",""
"les","the","the, them","les, la, le, les, leur, eux, elles","tous les jours, les gens, tous les deux, les autres, faire les courses, les femmes, dans tous les cas, les siens, tous les ans, tomber dans les pommes","Déterminant défini qui s’emploie devant un nom masculin pluriel ou féminin pluriel désignant des personnes ou des choses connues dont on a déjà parlé.<br />Pronom remplaçant un nom de personne ou de chose déterminé, déjà exprimé et qui est masculin pluriel ou féminin pluriel.<br />","Ces cadeaux, tu les déballeras sous peu .<br />"
"autres","other","other, remainder","autres, reste, autres, usufruit avec réversibilité","autre, les autres, les uns les autres, comme les autres, tous les autres, les uns et les autres, entre autres choses, d'autres, d'autres fois, entre autres","",""
"mais j'espère tant te manquer","but I hope you both miss","","","","",""
"j'espère","I hope","","","","",""
"tant","so","so such","tant","durement, cruellement, mal, aussi, puisque, même, également, quand, que, comme, tant pis, tant que, en tant que, tant mieux, tant de, en tant que tel, tant bien que mal, tant de fois, tant que ça, en tant que personne","Tellement, en si grande quantité.<br />Tant de + nom au pluriel. Une telle quantité de.<br />","Alain a tant de livres qu’il a acheté un appartement pour les y ranger .<br />Tant de pommes sont tombées au cours de l’orage que nous n’avons pu toutes les ramasser .<br />"
"manquer","miss","miss, fail","manquer, rater, oublier, regretter, mal entendre, échouer, manquer, tomber en panne, rater, faire faillite, faire défaut","perdre, disparaître, résumer, rater, évacuer, réussir, perdre, disparaître, rater, perdre, disparaître, supprimer, paumer, résumer, rater, évacuer, rater, réussir, parvenir, omettre, manquer de, ne pas manquer, se manquer, manquer à","Ne pas réussir.<br />Laisser échapper.<br />Ne pas arriver à temps.<br />Ne pas être présent à.<br />Faire défaut à.<br />Ne pas avoir en quantité suffisante.<br />Être absent, en parlant d’une personne; faire défaut, en parlant de quelque chose.<br />Faire cruellement défaut.<br />Se rater (en parlant de personnes qui devaient se rencontrer).<br />Être sur le point de, faillir.<br />Être en moins.<br />","Il a manqué son avion .<br />Les enfants ont manqué l’école en raison de la tempête de neige .<br />Elle a manqué une bonne occasion de se taire .<br />Il a manqué son effet .<br />"
"tant me démarquer","As stand out","","","","",""
"me","me","me, myself","me, moi, me, mon état, moi-même","il me semble, il me semble que, je me sens mieux, Je ne me sens pas bien., Je me sens malade., Je me suis perdu., Merci de me dire où descendre., si je puis me permettre, il me plaît, cela me dépasse","Pronom personnel masculin et féminin de la première personne du singulier. Me ne s’emploie que devant un verbe ou après le verbe à l’impératif, où il s’élide devant en ou y.<br />","Tu me donnes un livre .<br />"
"démarquer","out","","","distinguer, différencier, singulariser","Supprimer la marque de.<br />Se distinguer.<br />","Démarquer des vêtements pour les solder .<br />"
"et je sais plus si tu en vaux la peine","and I know more if thou worth it","","","","",""
"je t'attendrais au moins le temps de dire","I would expect you at least time to say","","","","",""
"t'attendrais","wait for you","","","","",""
