"et en 2003, dans un show en été","and in 2003 in a show in summer","","","","",""
"et","and","and","et, aussi","et alors, aller et retour, et moi aussi, et puis, sain et sauf, nom et prénom, et caetera, et cetera, jour et nuit, vingt et un","La conjonction de coordination ou coordonnant unit des propositions indépendantes affirmatives.<br />La conjonction de coordination ou coordonnant unit une proposition affirmative et une proposition négative.<br />La conjonction de coordination ou coordonnant unit des unités aux dizaines.<br />","Le vent se lève et la pluie se met à tomber .<br />Il aime la bonne cuisine et ne fume pas .<br />Vingt et une personnes .<br />"
"en","in","in, into, to, at, of, during, thereof","dans, en, à, chez, dedans, au bout de, dans, en, dedans, de très près, à, de, pour, vers, sur, en, à, de, sur, en, vers, à propos de, de, en, pour, pendant, durant, en, au cours de, dans, lorsque, en, de cela","après, postérieurement, ensuite, par la suite, prochainement, puis, derrière, ultérieurement, subséquemment, en effet, en cours, en plus, en revanche, en haut, mettre en place, en bas, en attendant, en fait, en fonction de","Préposition qui marque un rapport de lieu, de temps, une notion de forme, de matière, de manière.<br />Pronom qui peut remplacer de suivi d’un groupe nominal, d’un complément de verbe ou d’un complément de nom.<br />","Une table en chêne .<br />De ce grand voyage autour du monde, ils en rêvent .<br />"
"2003","2003","","","","",""
"dans","in","in, into, within, on, inside, during, along, aboard","dans, en, à, chez, dedans, au bout de, dans, en, dedans, de très près, dans, à moins de, sous, dans les limites, selon, à l'intérieur de, sur, dans, par, au bord de, dans, à l'intérieur de, pendant, durant, en, au cours de, dans, lorsque, le long de, sur, dans, avec, à bord, dans","dan, dans le but de, dans ce cas, dans le monde entier, dans la mesure où, dans tous les cas, dans l'attente, partout dans le monde, dans le cas contraire, dans la nature, dans une heure","Cette préposition marque :.<br />Un lieu.<br />Le temps.<br />Une situation.<br />Une tendance, une intention.<br />","Mettre ses clés dans sa poche .<br />Nous comptons terminer dans un an .<br />Dans le doute, il vaut mieux s’abstenir .<br />Dans l’intérêt de notre groupe .<br />"
"un","a","a, an, one, one, one, one","un, une, un, une, un, une, unique, un, une, homme, un, un","inégalable, une, par, an, seul, un peu, quelqu'un, un jour, un petit peu, un moment, un autre, un moyen, faire un effort, d'un, faire un voyage","Simple, unique.<br />Nombre qui exprime l’unité.<br />Première page d’un quotidien.<br />Une unité.<br />Premier.<br />Le déterminant indéfini se rapporte à une personne, à une chose indéterminée ou non encore dénommée.<br />Quelqu’un, une certaine personne.<br />","Dans ce jardin poussent un saule et deux pommiers .<br />"
"show","show","show","spectacle, show, salon, exposition, manifestation, représentation","","Anglicisme pour spectacle, foire commerciale.<br />",""
"été","summer","summer, summertime","été, été","d'été, passer l'été, été indien, solstice d'été","Saison qui suit le printemps et précède l’automne, et qui, dans notre hémisphère, est la plus chaude de l’année (du 21&nbsp;juin au 22&nbsp;septembre).<br />","Prendre des vacances en été ou à l’été .<br />"
"sous mes couches de mascaras je t'avais remarqué","under my layers of mascara I had you noticed","","","","",""
"sous","under","under, within, below, beneath, underneath, underneath, cash","sous, selon, conformément à, dans, à moins de, sous, dans les limites, selon, à l'intérieur de, sous, au-dessous de, sous, indigne de, sous, au-dessous de, sous, dessous, en dessous, en bas, au-dessous de, espèces, argent, fric, sous","sous-, sou, sous-sol, sous-marin, sous-traitant, sous-traitance, sous-jacent, sous la pluie, sous-entendu, sous-vêtement, sous le vent, sous-titre","La préposition marque une position inférieure dans l’espace.<br />La préposition marque la dépendance.<br />À l’époque de.<br />Moyennant, par le moyen de.<br />","Il s’est abrité sous l’auvent .<br />Ce projet est sous la responsabilité de l’enseignant .<br />L’ordonnance de Villers-Cotterêts fut proclamée. sous le règne de François l er .<br />Sous la menace d’une retenue, les élèves turbulents se sont calmés .<br />"
"mes","my","my","mes, mon, ma","à mes côtés","Déterminant possessif pluriel de la première personne du singulier qui détermine le nom en indiquant le « possesseur » de l’objet désigné. Il s’accorde en genre et en nombre avec le nom déterminé.<br />Le déterminant possessif s’accorde en personne avec le nom désignant le « possesseur ». Ainsi, le déterminant possessif mes renvoie à un seul « possesseur » de plusieurs êtres, de plusieurs objets.<br />","Mes livres .<br />Regarde mes patins à roulettes (un seul possesseur) et notre nouvelle tondeuse (plusieurs possesseurs) .<br />"
"couches","diapers","strata, birth, childbed, lying-in","couches, strate, couche, naissance, accouchement, apparition, éclosion, couches, mise bas, couches, couches, accouchement","coucher, couche","",""
"de","from","of, to, from, by, with, than, at, out of, off","de, en, pour, à, de, pour, vers, sur, en, de, à partir de, depuis, dès, de la part de, d'après, par, de, selon, à, près de, suivant, avec, à, de, sur, que, de, à, de, sur, en, vers, à propos de, de, hors de, par, en dehors de, de","dé, de rien, de plus, tout de suite, à partir de, au lieu de, pomme de terre, en fonction de, maillot de bain, à cause de, de plus en plus","• La préposition introduit un complément du nom en marquant :.<br />La possession.<br />L’origine.<br />Le temps.<br />La cause.<br />Le moyen.<br />La matière.<br />Le genre.<br />• La préposition introduit un complément du verbe en marquant :.<br />Le lieu.<br />Le temps.<br />La cause.<br />Le moyen, l’instrument.<br />Élision de la préposition.<br />De + adjectif.<br />L’article de s’emploie devant des noms de choses qui ne peuvent se compter, devant un nom abstrait.<br />","La fille de (et non *à) mon amie .<br />Du sirop d’érable, du fromage de chèvre .<br />Le train de nuit .<br />Un vent d’orage, des frissons d’inquiétude .<br />Un air de piano, un coup de baguette magique .<br />Une colonne de bois, un toit de chaume .<br />Un roman d’aventures, un film de science-fiction .<br />Venir de Trois-Rivières .<br />Ils vont à l’école de 8&nbsp;h&nbsp;30 à 15&nbsp;h&nbsp;30 .<br />Les enfants sautent de joie : c’est la récréation!<br />Se servir d’un pinceau, d’une règle .<br />Il est tombé de la neige .<br />"
"mascaras","mascaras","mascara","mascara","rimmel","",""
"je","I","I","je, moi","iode, je ne sais pas, je vous en prie, je suis désolé, je regrette, je pense que, je vous en pris, si je pouvais, je crois que oui, je vais mieux, je me sens mieux","Pronom personnel masculin et féminin de la première personne du singulier, qui est toujours sujet du verbe.<br />","Je fais de la bicyclette, je lis .<br />"
"t'avais","t'avais","","","","",""
"remarqué","Note","","","remarque","",""
"et tant d'années plus tard, je t'ai vu et j'ai pensé","and so many years later, I saw you and thought","","","","",""
"tant","so","so such","tant","durement, cruellement, mal, aussi, puisque, même, également, quand, que, comme, tant pis, tant que, en tant que, tant mieux, tant de, en tant que tel, tant bien que mal, tant de fois, tant que ça, en tant que personne","Tellement, en si grande quantité.<br />Tant de + nom au pluriel. Une telle quantité de.<br />","Alain a tant de livres qu’il a acheté un appartement pour les y ranger .<br />Tant de pommes sont tombées au cours de l’orage que nous n’avons pu toutes les ramasser .<br />"
"d'années","years","","","","",""
"plus","more","more, more, most, further, any, plus","plus, de plus, encore de, d'autre, plus, davantage de, plus, le plus, plus de, presque, plupart de, au maximum, plus, davantage, plus loin, de plus, plus, plus, avantage","au plus haut niveau, strictement positif, au plus haut niveau, haut, strictement positif, positif, maintenant, moins, ni plus ni moins, outre, maintenant, très, moins, pratiquement, ni plus ni moins, outre, autant, somme, priorité, somme, ajout, addition, priorité, avantage, obtention, actif, atout, de plus, en plus, plus tard, non plus, de plus en plus, au plus tard, en plus de, plus que, plus de, plus tôt","L’adverbe plus marque la supériorité.<br />Comparatif des adverbes beaucoup ou très. Plus que + comparaison.<br />Superlatif relatif.<br />Signe de l’addition.<br />La plus grande quantité.<br />En ajoutant une quantité.<br />","Les parents s’inquiètent plus que les enfants .<br />Le plus que nous puissions espérer .<br />Deux tomates plus un concombre .<br />"
"tard","late","late","tard","ultérieurement, profond, dernièrement, tardivement, ultérieurement, tardivement, profond, dernièrement, récemment, tardivement, plus tard, au plus tard, trop tard, il est tard, tôt ou tard, quelques jours plus tard, remettre à plus tard, se coucher tard, tard dans la nuit, dormir tard","Après le temps prévu.<br />","Il est rentré très tard .<br />"
"t'ai","t'ai","","","","",""
"vu","seen","understood, got it","entendu, vu, sous-entendu, vu","vu que, bien vu, Ça fait longtemps qu'on ne s'est pas vu.","Étant donné.<br />","Vu leurs bonnes intentions, nous acceptons .<br />"
"j'ai","I have","","","j","",""
"pensé","think","","","penser","",""
"aller à ta rencontre voir si tu as du temps à m'accorder","go to meet you see if you have time to give me","","","","",""
"aller","go","go, proceed, travel, come, do, be, strike off, repair","aller, partir, passer, aller à, devenir, marcher, procéder, poursuivre, continuer, passer, aller, agir, voyager, déplacer, parcourir, aller, visiter, faire un voyage, venir, arriver, aller, se produire, jouir, arriver à, faire, effectuer, accomplir, exécuter, mettre, aller, être, devenir, exister, venir, aller, coûter, tirer, aller, réparer, remettre en état, remédier à, rénover, refaire, aller","faire, vouloir, affecter, passer, conduire, chasser, amener, chevaucher, consacrer, asseoir, voyager, prendre, circuler, appartenir à, représenter, contraindre, soutenir, négliger, se marier, piloter, travailler, faire, devenir, faire, vouloir, permettre, affecter, viser, conduire, obtenir, tendre, être, avoir, évoluer, aboutir, évaluer, devenir, rendre, passer, partir, faire, départir, disparaître, dire, devenir, passer, partir, faire, conduire, rendre, passer, faire, dire, chasser, conduire, rendre, amener, conduire, mener, diriger, chevaucher, conduire, repousser, chevaucher, conduire, consacrer, destiner, allouer, asseoir, chevaucher, passer, partir, faire, dire, devenir, voyager, passer, fonctionner, partir, écouler, faire, tester, courir, devenir, marcher, passer, fonctionner, partir, faire, dire, courir, devenir, marcher, prendre, conduire, circuler, déplacer, voyager, marcher, appartenir à, passer, faire, dire, appartenir, devenir, représenter, faire, venir, être, avoir, contraindre, conduire, imposer, rendre, soutenir, cohabiter, passer, vivre, partir, faire, survivre, tenir le coup, traverser, dire, hier, accommoder, résider, continuer, demeurer, devenir, durer, faire, effectuer, rendre, négliger, passer, sortir avec, distribuer, partir, faire, dire, mourir, tomber en panne, faillir, devenir, abandonner, conduire, pousser, rendre, se marier, conduire, passer, partir, faire, dire, procéder, devenir, faire, venir, arriver, piloter, conduire, faire, venir, être, avoir, travailler, circuler, conduire, pousser, rouler, remorquer, voyage, Adam, proverbe, voyage, voyagiste, tour, Adam, extase, proverbe, go, aller et retour, aller-retour, s'en aller, aller simple, aller plus loin, aller à, aller au cinéma, aller tout droit, aller bien, aller dormir","Se déplacer en s’éloignant du lieu où l’on se trouve.<br />Se sentir.<br />Convenir.<br />Marcher, fonctionner, en parlant d’une chose.<br />Trajet vers une destination.<br />Titre de transport vers une destination.<br />","Nous allons au parc .<br />Comment ça va? Je vais mieux depuis que je suis en vacances .<br />Ce vert va bien avec le jaune maïs .<br />Mon nouveau vélo va très vite .<br />À l’aller, ils ont suivi la rive nord du fleuve; au retour, la rive sud .<br />Elle a pris deux allers pour Québec .<br />"
"à","to","to, in, at, with, by, upon","à, de, pour, vers, sur, en, dans, en, à, chez, dedans, au bout de, à, de, sur, en, vers, à propos de, avec, à, de, sur, par, de, selon, à, près de, suivant, sur, à","jusqu'à, à partir de, grâce à, à travers, à part, à cause de, à côté, à propos, par rapport à, à peu près","La préposition introduit un complément indirect.<br />La préposition marque :.<br />La préposition marque le prix.<br />","Alain participera à la fête .<br />Un blouson à 100 $ .<br />"
"ta","your","your, your, thy","votre, vos, tes, ton, ta, votre, vos, tes, ton, ta, à vous, tes, ton, ta","à ta place, à ta guise","Déterminant possessif féminin de la deuxième personne du singulier qui détermine le nom en indiquant le « possesseur » de l’objet désigné. Il s’accorde en genre et en nombre avec le nom déterminé.<br />Le déterminant possessif s’accorde en personne avec le nom désignant le « possesseur ». Ainsi, le déterminant possessif ta renvoie à un seul « possesseur » d’un être, d’un objet de genre féminin.<br />","Ta chambre .<br />Ta bicyclette (un seul possesseur) me plaît beaucoup .<br />"
"rencontre","meet","meeting, encounter, match, conference, appointment, fixture, get together, confluence, concourse, assignation","réunion, rencontre, séance, assemblée, meeting, convocation, rencontre, combat, accrochage, match, partie, rencontre, allumette, égal, mariage, conférence, congrès, rencontre, nomination, poste, rencontre, arrangement, rendez-vous, appareil, fixation, rencontre, installations, rencontre, confluence, rencontre, assemblée, foule, rassemblement, rencontre, attribution, affectation, cession, transfert, rencontre","abord, connexion, syzygie, assemblée, réunion, colloque, confluent, abord, réunion, connexion, réunion, syzygie, conjonction, assemblée, réunion, réunion, colloque, confluent, confluence, sommet, séance, réunion, session, rencontrer, point de rencontre, aller à la rencontre, rencontre au sommet","Le fait, pour des personnes, des choses, de se trouver en contact.<br />","Les copains ont organisé une rencontre au collège .<br />"
"voir","see","see, look, view, sight, spy, behold, vide, imagine, be able to see, take notice, conceive","voir, découvrir, savoir, visiter, regarder, apercevoir, regarder, examiner, voir, surveiller, voir, regarder, examiner, visiter, étudier, avoir un avis, voir, apercevoir, regarder, espionner, épier, remarquer, reconnaître, apercevoir, voir, voir, apercevoir, remarquer, voir, réviser, imaginer, penser, croire, supposer, se représenter, voir, voir, prêter attention, remarquer, tenir compte de qch, faire attention au chien, voir, concevoir, imaginer, penser, comprendre, croire, voir","comprendre, croire, atteindre, trouver, visiter, percevoir, rétorquer, accompagner, vérifier, regarder, analyser, apercevoir, estimer, aider, éprouver, songer, prévoir, assister, comprendre, croire, penser, réfléchir, atteindre, frapper, réunir, parvenir, saisir, rencontrer, trouver, visiter, rendre visite, percevoir, rétorquer, estimer, conclure, sentir, éprouver, croire, sembler, imaginer, chercher, ressentir, juger, parvenir, deviner, considérer, imprimer, rencontrer, dégager, trouver, rechercher, penser, accompagner, vérifier, regarder, regarder, analyser, interpréter, comprendre, entendre, traduire, vérifier, examiner, apercevoir, vérifier, constater, contrôler, infirmer, certifier, assurer, comprendre, réaliser, estimer, juger, considérer, croire, être d'avis, penser, réfléchir, aider, assister, vérifier, sembler, visiter, soigner, jeter, réexaminer, paraître, consulter, éprouver, subir, comprendre, traverser, comprendre, apprendre, découvrir, déceler, songer, croire, être d'avis, supposer, penser, réfléchir, prévoir, comprendre, imaginer, visualiser, croire, être d'avis, trouver, penser, réfléchir, prévoir, croire, être d'avis, envisager, entendre, concevoir, signifier, trouver, penser, avoir l'intention, réfléchir, assister, témoigner, se voir, aller voir, voir le jour, faire voir, voir à travers, voir c'est croire, venir voir, Désirez-vous voir la carte des vins?, laisser voir, voir venir","Percevoir par la vue.<br />Être témoin d’un évènement.<br />Visiter, parcourir.<br />Se trouver en présence de.<br />Constater.<br />Supporter.<br />Veiller à.<br />Percevoir par la vue.<br />Apercevoir sa propre image.<br />Se regarder, se rencontrer.<br />Être aperçu, être visible.<br />Se trouver.<br />","Je vois que tu travailles fort .<br />Elle ne peut plus la voir, elle est si désagréable .<br />De son bureau, on voit la cime des arbres .<br />Ils ont vu l’accident se produire .<br />Nous avons vu tous les châteaux de la Loire .<br />Venez donc prendre le thé, il y a si longtemps qu’on ne vous a vus .<br />"
"si","if","if, whether, so, that, such, as, si, B","si, au moins, quand bien même, si, que, soit, si, ainsi, tellement, aussi, et alors, comme ceci, si, aussi, si, tellement, aussi, aussi, si, si, si","tellement, ainsi, aussi, alors, comme, oui, même si, si tu veux, comme si, si seulement, si je pouvais, si bien que, si ce n'est, si j'étais toi, si mal, si toutefois","Adverbe de quantité et d’intensité (suivi d’un adjectif ou d’un adverbe).<br />Adverbe d’affirmation.<br />Septième note de la gamme de do.<br />La conjonction introduit une condition (verbe de la principale au futur). À condition que.<br />La conjonction introduit une hypothèse (verbe de la principale au présent ou au passé). S’il est vrai que.<br />La conjonction introduit une hypothèse (verbe de la principale au conditionnel). Dans le cas où, à supposer que.<br />La conjonction introduit une concession, une restriction.<br />La conjonction introduit une interrogation indirecte.<br />La conjonction est un modificateur corrélatif de conséquence de l’adjectif ou de l’adverbe. De telle sorte que, tellement que, si bien que.<br />","Des si bémols .<br />Si tu viens jouer avec nous, nous aurons du plaisir .<br />Si l’informatique est un merveilleux outil, elle n’est pas encore tout à fait apprivoisée .<br />Si j’avais su (et non *si j’aurais su), je ne serais pas venu .<br />Elle se demandait s’il viendrait .<br />Elle est si sérieuse qu’on ne peut jamais la faire rire .<br />"
"tu","you","you, thou","vous, tu, on, te, toi, tu, toi","tu es, si tu veux, Comment vas-tu?, Qu'est-ce que tu fais?, Qu'est-ce que tu dis?, Qu'est-ce que tu as dit?","Pronom personnel masculin et féminin de la deuxième personne du singulier. Tu est toujours sujet du verbe.<br />","Tu chantes bien .<br />"
"as","ace","ace, wiz","ace, as, carte maîtresse, as, crack","ace, génie, sensation, expert, avoir, Qu'est-ce que tu as dit?, plein aux as","Un point seul marqué sur un des côtés d’un dé.<br />Carte à jouer.<br />Personne qui tient le premier rang dans sa spécialité.<br />","L’as de cœur .<br />C’est un as du tennis .<br />"
"du","from","","","dû, pas du tout, emploi du temps, faire du vélo, faire du ski, du matin, du monde, du moins, du jour, gagner du temps, du tout","Déterminant formé par la contraction de la préposition de et du déterminant défini le.<br />",""
"temps","time","time, times, weather, days, beat, era, season, tense, eon","temps, moment, fois, heure, époque, saison, fois, temps, temps, tempête, brise, journées, temps, époque, battement, rythme, temps, pulsation, ronde, roulement, ère, époque, temps, histoire, qui fait une époque, saison, temps, époque, moment opportun, temps, période, temps","durée, jour, période, intempérie, moment, durée, phrase, jugement, longtemps, peine, délai, fois, durée, moment, part, durée, heure, fois, jour, aujourd'hui, période, point, intempérie, moment, heure, période, durée, période, point, époque, délai, durée, mètre, durée, période, point, époque, moment, de temps en temps, en même temps, emploi du temps, tout le temps, le temps, pendant ce temps, temps libre, gagner du temps, perte de temps, le temps passe vite","La durée.<br />Espace de temps.<br />Époque.<br />Période.<br />État de l’atmosphère, conditions météorologiques.<br />Série de formes verbales qui indique à quel moment s’accomplit l’action.<br />","Le temps passe vite .<br />J’ai trop peu de temps à consacrer à la lecture .<br />Les temps modernes .<br />Le temps des récoltes .<br />Il fait beau temps (et non une *belle température) .<br />Le passé composé, le présent, le futur sont des temps du verbe qui marquent respectivement l’antériorité, la simultanéité et la postériorité .<br />"
"m'accorder","grant me","","","","",""
"mais toi tu ne sais pas que je t'aurais tout donner","but you do not you know I give you everything","","","","",""
"mais","but","but, although, yet, only, probably","mais, bien que, mais, malgré que, pourtant, mais, cependant, néanmoins, malgré tout, seulement, mais, probablement, mais, selon toute probabilité, peut-être","tôt ou tard, seul, cependant, tôt ou tard, fin, éventuellement, à l'heure, encore, pourtant, finalement, seul, uniquement, seulement, que, exclusivement, cependant, simplement, uniquement, seulement, que, sauf, maïs, mai, mais enfin, mais bien sûr, mais bien, épi de mais","Cette conjonction introduit une idée contraire, une restriction, une objection.<br />","Il a une bonne formation, mais il n’a pas l’expérience voulue .<br />"
"toi","thee","you, thee, thou","vous, tu, on, te, toi, te, toi, tu, toi","chez toi, pour toi, à toi, rien que pour toi, Et toi?, toi-même, si j'étais toi, toi non plus","Pronom personnel masculin et féminin de la deuxième personne du singulier.<br />EMPLOIS.<br />",""
"ne","not","not","pas, non, ne, pas du tout, ne ... point, ne ... pas","non, pas, né, gastro-œsophagien, caucasien, amœbien, je ne sais pas, ne pas, Je ne sais pas., Je ne comprends pas., ne pas oublier, Je ne parle pas français., ne pas hésiter, ne pas faire, ça ne sert à rien, ne jamais","",""
"sais","know","know, see, realize, be aware, figure out, sort out, ken","savoir, connaître, faire savoir, reconnaître, souffrir, se présenter, voir, découvrir, savoir, visiter, regarder, apercevoir, réaliser, comprendre, savoir, prendre conscience, se rendre compte de, penser, savoir, savoir, résoudre, décider, arriver à comprendre, bien calculer, savoir, ranger, comprendre, savoir, connaître, concevoir, saisir","connaître, baiser, croire, éprouver, piéger, connaître, baiser, aimer, faire l'amour, foutre, niquer, enconner, avoir, fourrer, connaître, enculer, croire, connaître, homologuer, reconnaître, éprouver, vivre, connaître, demeurer, piéger, savoir faire, à savoir, savoir-faire, savoir-vivre, faire savoir, à savoir que, bon à savoir, savoir vivre, il est important de savoir","Avoir la connaissance de, posséder une science ou un art.<br />Pouvoir, avoir la possibilité de.<br />Être apte à, avoir le talent, la force de faire quelque chose.<br />Connaître l’existence de.<br />Connaître sa situation.<br />Être su.<br />","Elle sait répartir les tâches, tu sais écouter .<br />Il sait une petite clairière dans la forêt .<br />Elle sait lire et compter .<br />Je saurai terminer ce long travail .<br />"
"pas","not","not, step, footstep, steps, pitch, pace, tread, move, foot, gauge, gage","pas, non, ne, pas du tout, ne ... point, ne ... pas, étape, pas, mesure, démarche, seuil, marchepied, pas, bruit de pas, empreinte, trace de pas, mesures, pas, escalier, pas, terrain, hauteur, tangage, brai, poix, rythme, allure, pas, vitesse, bande de roulement, semelle, pas, giron, chenille, bruit de pas, mouvement, déplacement, déménagement, passage, coup, pas, pied, bas, marche, patte, bout, pas, jauge, calibre, gabarit, pas, jauge, gage, calibre, gabarit, gant, pas","non, mauvais, non, ne, mauvais, empreinte, ruban, non, filetage, escalier, allure, rythme, enjambée, disposition, lancer, passage, empreinte, ruban, fil, non, rien, personne, filetage, fil, escalier, marche, échelon, baïonnette, allure, démarche, rythme, enjambée, disposition, étape, mesure, lancer, passage, démarche, coup, je ne sais pas, pas encore, pas mal, pas grave, pas du tout, pas de problème, pas bien, ne pas, pas cher, Je ne sais pas.","L’adverbe de négation est généralement précédé des particules de négation ne ou non.<br />Mouvement de mettre un pied devant l’autre pour marcher.<br />Façon de marcher.<br />Trace laissée par une personne en marchant.<br />Seuil.<br />","Elle ne viendra pas .<br />Il fait de grands pas, elle avance de quelques pas, puis revient sur ses pas .<br />Un pas cadencé, un pas de gymnastique .<br />Les enfants ont raconté avoir vu des pas dans la neige .<br />Sur le pas de la porte .<br />"
"que","than","that, than, whether, that, which, what, whom, than, which, what, how","que, afin que, autant que, que, si, que, soit, que, qui, ce, celle, celui, cela, qui, laquelle, lequel, que, quel, quelle, que, quoi, quel, qui, que, à qui, avec qui, que, de, que, quel, que, quelle, quel, comment, que","aussi, mais, même, cependant, aussi, tant, puisque, même, également, quand, comme, mais, seul, uniquement, seulement, exclusivement, même, cependant, mais, simplement, uniquement, seulement, sauf, que?, alors que, bien que, ainsi que, parce que, tandis que, pour que, dès que, tant que, en tant que, afin que","",""
"t'aurais","would you","","","","",""
"tout","all","all, any, every, entire, most important, all, very, in all, all up, all, whole, all, any, anything","tous, toutes, tout, toute, tout, quelconque, n'importe quel, chaque, tous, tout, tout, complet, total, intact, tout, tout, tout à fait, très, bien, tout, exactement, seul, effectivement, en tout, tout, en général, tout compris, généralement, en tout et pour tout, tout, tout, ensemble, tout, tout, tout, n'importe lequel, rien, tout, quelque chose, n'importe quoi","bien, partout, bien, complètement, directement, pleinement, tout à fait, intégralement, entièrement, parfaitement, totalement, en même temps, partout, n'importe où, abondance, rien, unité, totalité, femme de ménage, abondance, multitude, rien, personne, unité, totalité, ensemble, totalité, ensemble, femme de ménage, sportif, femme, fille, nettoyeuse, tout le monde, tout de suite, tout droit, tout seul, malgré tout, pas du tout, en tout cas, tout d'abord, tout de même, tout à fait","",""
"donner","give","give, hand, yield, render, donate, impart, bestow, contribute, present, furnish, give out, deal, give in, hand in, play, tender, mete, pitch","donner, offrir, accorder, consacrer, pousser, donner, passer, serrer la main, faire porter à la main, donner un coup de main, donner, céder, produire, rapporter, rendre, livrer, rendre, fournir, donner, traduire, interpréter, enduire, donner, faire don de, faire contribution, communiquer, donner, transmettre, faire connaître, apprendre, donner, accorder, conférer, octroyer, consacrer, employer, contribuer, cotiser, participer, apporter une contribution, donner, présenter, assister, soumettre, offrir, exposer, donner, fournir, meubler, donner, équiper, munir, donner, distribuer, émettre, tomber en panne, s'épuiser, traiter, examiner, agir, donner, distribuer, commercer, donner, rendre, capituler, se soumettre, présenter, se céder, donner, jouer, jouer de, faire, interpréter, passer, donner, soumissionner, tendre, offrir, attendrir, donner, infliger, donner, décerner, lancer, tanguer, jeter, tomber, bazarder, donner","léguer, fournir, passer, partir, descendre, fermer, offrir, tolérer, marquer, payer, réussir, gérer, participer, croire, conférer, octroyer, rajouter, amener, générer, sortir, émerger, supporter, laisser, retenir, aboutir, apporter, tenir compte, ouvrir, dispenser, dessiner, céder, quitter, causer, contribuer, réserver, jeter, allumer, hérisser, excréter, communiquer, établir, faire, léguer, laisser, transmettre, fournir, partir, laisser, permettre, pourvoir, admettre, passer, partir, laisser, descendre, fermer, ouvrir, offrir, accorder, payer, tolérer, laisser, permettre, autoriser, admettre, marquer, offrir, payer, réussir, passer, partir, départir, quitter, mourir, abandonner, gérer, appliquer, administrer, participer, offrir, contribuer, doter, croire, laisser, permettre, admettre, conférer, accorder, attribuer, conférer, consulter, octroyer, accorder, fournir, procurer, passer, remettre, rajouter, ajouter, conférer, apporter, contribuer, amener, entraîner, conduire, mener, déboucher, diriger, aboutir, présider, fournir, générer, revenir, retourner, offrir, présenter, engendrer, rendre, sortir, aboutir, passer, excéder, dépasser, dominer, amener, conduire, partir, laisser, causer, diriger, aboutir, résulter, émerger, supporter, produire, résulter, payer, passer, livrer, confier, céder, remettre, transmettre, partir, quitter, laisser, laisser, offrir, permettre, accorder, autoriser, admettre, retenir, prendre, faire, être, avoir, devoir, tenir, rendre, aboutir, descendre, apporter, céder, abandonner, abdiquer, tenir compte, laisser, considérer, permettre, admettre, sortir, fournir, approvisionner, conférer, gagner son bifteck, pourvoir, passer, communiquer, dépasser, prononcer, ouvrir, fournir, marquer, offrir, apporter, présenter, accorder, rendre, partir, rester, quitter, laisser, passer, dessiner, tirer, courir, offrir, dispenser, administrer, dessiner, émerger, céder, abdiquer, quitter, renoncer, abandonner, passer, légiférer, causer, offrir, accorder, contribuer, réserver, assigner, laisser, convenir, adapter, permettre, autoriser, allouer, attribuer, jeter, allumer, activer, brancher, ouvrir, tourner, céder, concéder, hérisser, irriter, excréter, passer, éliminer, supprimer, céder, succomber, communiquer, véhiculer, partir, laisser, confier, charger, fournir, partir, léguer, communiquer, laisser, apporter, entendre, accorder, établir, fournir, croire, offrir, céder, accorder, abandonner, abdiquer, faire, transmettre, quitter, démissionner, abandonner, donner naissance, donner un coup de main, donner lieu, donner des conseils, donner un coup de pied, donner son accord, se donner, donner le feu vert, donner des ordres, donner sur","Mettre en la possession de (quelqu’un).<br />Faire don de, accorder.<br />Procurer, fournir.<br />Communiquer.<br />Produire.<br />Causer, susciter.<br />Attribuer.<br />Heurter.<br />Être orienté vers, situé sur.<br />Faire le don de soi.<br />S’attribuer faussement.<br />Se faire à soi-même.<br />Être bon marché.<br />","Les analyses n’ont rien donné .<br />Vous m’avez donné bien du plaisir .<br />Elle donne beaucoup de prix à cette amitié .<br />Donne-moi ce dossier; donne-le-moi (et non *donne-moi-le) .<br />Ils ont donné de la monnaie aux sans-abri .<br />Donner un conseil .<br />Donnez-moi votre nom et vos coordonnées .<br />"
"le jour où dans tes lunettes","the day in your glasses","","","","",""
"le","the","the, it, him","les, la, le, il, elle, le, ce, cela, la, lui, le, celui, l'","tout le monde, le matin, pour le moment, le monde, le mien, dans le but de, le lendemain, tout le temps, faire le point, le temps","Déterminant défini qui s’emploie devant un nom masculin singulier désignant des personnes ou des choses connues, dont on a déjà parlé.<br />Pronom remplaçant un nom de personne ou de chose déterminé, déjà exprimé et qui est masculin singulier.<br />","Ce voyage, tu pourras le faire .<br />"
"jour","day","day, daytime","jour, journée, jour, journée","journée, temps, angle, journalier, présent, cadeau, journée, temps, aujourd'hui, angle, feu, lumière, contexte, journalier, quotidien, présent, datte, date, cadeau, donation, moment, présent, jour férié, un jour, mise à jour, chaque jour, par jour, mettre à jour, du jour, le jour, ordre du jour, à jour","Abréviations j (s’écrit sans point), d (du latin « dies », qui signifie « jour »).<br />Clarté.<br />Ouverture, orifice.<br />Division du temps qui comprend 24 heures.<br />","Le jour se lève .<br />Il y a un peu de jour dans l’assemblage de cette fenêtre .<br />Il y a 365&nbsp;jours dans une année .<br />"
"où","or","where, whither, whereabouts, that, wherein","où, là que, alors que, où, où, que, qui, ce, celle, celui, où, où, dans quoi, en quoi","d'où, n'importe où, donc, ou, d'où, au cas où, n'importe où, dans la mesure où, dans le cas où, à partir du moment où, D'où êtes-vous?, D'où venez-vous?, Merci de me dire où descendre., partout où","Là où, à l’endroit où.<br />Dans lequel, au propre et au figuré.<br />Pendant lequel, lors duquel.<br />Dans lequel.<br />","Un coin de pays où il fait bon vivre .<br />Ce jour où tu nous as annoncé ton retour .<br />Dans l’état où il se trouve, ce blessé ne peut être transporté .<br />"
"tes","your","your, your, thy","votre, vos, tes, ton, ta, votre, vos, tes, ton, ta, à vous, tes, ton, ta","","Déterminant possessif pluriel de la deuxième personne du singulier qui détermine le nom en indiquant le « possesseur » de l’objet désigné. Il s’accorde en genre et en nombre avec le nom déterminé.<br />Le déterminant possessif s’accorde en personne avec le nom désignant le « possesseur ». Ainsi, le déterminant possessif tes renvoie à un seul « possesseur » de plusieurs êtres, de plusieurs objets.<br />","Tes jouets .<br />Fanny, joue avec tes animaux! (un seul possesseur) .<br />"
"lunettes","glasses","glasses, spectacles, specs, telescope, barnacles, barnacle","lunettes, jumelles, lunettes, lunettes, spécification, télescope, lunettes, viseur, lunette d'approche, longue-vue, lunettes, crampons, bernacle, anatife, lunettes, crampon","protection, lunettes de vue, lunette, lunettes de soleil, lunettes de vue, lunettes de protection, porter des lunettes, étui à lunettes, lunettes protectrices","",""
"mon regard s'est plongé","my gaze plunged","","","","",""
"mon","my","my","mes, mon, ma","montre, mon ami, mon amour, mon chéri, mon cher, de mon côté, à mon avis, mon petit, mon chou, mon vieux, mon Dieu","Déterminant possessif masculin de la première personne du singulier qui détermine le nom en indiquant le « possesseur » de l’objet désigné. Il s’accorde en genre et en nombre avec le nom déterminé.<br />Le déterminant possessif s’accorde en personne avec le nom désignant le « possesseur ». Ainsi, le déterminant possessif mon renvoie à un seul « possesseur » d’un être, d’un objet de genre masculin.<br />","Mon cahier .<br />Regarde mon vélo (un seul possesseur) et notre nouvelle tondeuse (plusieurs possesseurs) .<br />"
"regard","look","look, gaze, view, sight, eye, stare, manhole","regard, aspect, allure, expression, touche, regard, vue, avis, vision, regard, point de vue, opinion, vue, spectacle, visée, regard, viseur, mire, œil, regard, œillet, surveillance, regard, regard, bouche, bouche d'égout","contrôle, sens, œil, être, contrôle, surveillance, sens, esprit, ton, saveur, œil, être, au regard de, fixer du regard, au premier regard, regard noir, regard furtif, lancer un regard, regard doux","Action, manière de regarder.<br />Ouverture au niveau du sol destinée à faciliter l’entretien, les réparations d’un appareil, d’une canalisation.<br />","Un regard furtif .<br />Regard de nettoyage, regard de visite .<br />"
"s'est","has","","","","",""
"plongé","deep","deep, lost","profond, épais, plongé, encaissé, étoffé, malin, perdu, disparu, égaré, perdant, manqué, plongé","plonge","",""
"et toi, tu ne sais pas que je voudrais bien de toi","and you, you do not know that I would love you","","","","",""
"voudrais","would like","would","voudrais","Je voudrais manger.","",""
"bien","good","well, good, very, nicely, all right, greatly, rightly, kindly, good, right, welfare, well-being, okay, okey, OK, possession, gold, right, nice, decent, alright","bien, très bien, tout à fait, par exemple, bien, tant mieux, très, bien, tout, exactement, seul, effectivement, bien, joliment, gentiment, agréablement, parfaitement, exactement, bien, exactement, considérablement, très, fort, bien, vivement, de beaucoup, justement, avec raison, bien, correctement, avec justesse, juste équitable, gentiment, bien, avec bonté, avec gentillesse, chaleureusement, complaisamment, bien, profit, humeur, droit, droite, bien, vrai, aide sociale, bien, assistance sociale, bonheur, confort, bien-être, bien-être, bonheur, bien, bien, bien, bien, possession, détention, bien, jouissance, or, bien, droit, bon, juste, bien, vrai, exacte, agréable, bien, beau, gentil, bon, joli, décent, convenable, honnête, bien, honorable, brave, bien","fin, meilleur, fin, en forme, satisfaisant, bon, meilleur, bon, alors, attentivement, confortablement, tout, justement, largement, comme ça, OK, vraiment, avantageusement, alors, attentivement, confortablement, aisément, tout, complètement, directement, pleinement, tout à fait, intégralement, entièrement, parfaitement, totalement, en même temps, justement, largement, copieusement, terriblement, sérieusement, considérablement, amplement, comme ça, alors, proprement, bon, largement, richement, alors, bon, OK, bon, vraiment, avantageusement, heureusement, favorablement, avoir, bon, Oklahoma, propriété, puits, marchandise, avoir, propriété, possession, bon, Oklahoma, propriété, puits, bon, marchandise, denrée, produit, Bien!, bien que, c'est bien, très bien, bien sûr, pas bien, tout va bien, bien entendu, ou bien, aussi bien, bien fait","Satisfaisant.<br />Convenable.<br />De bonne qualité.<br />Ce qui est louable, juste, conforme à un idéal.<br />Avantage, bénéfice.<br />Ce qu’on possède.<br />Chose créée par le travail en vue de satisfaire un besoin de la société.<br />D’une manière satisfaisante, convenable, agréable.<br />Beaucoup.<br />Très.<br />Environ.<br />","Cette musique est bien .<br />Faire le bien .<br />Grand bien vous fasse!<br />Ils ont des biens .<br />Les biens et les services .<br />Ses devoirs sont bien faits .<br />Ils sont bien peu nombreux .<br />Il y a bien cinq ans que je ne l’avais vu .<br />"
"c'est bien triste, ce sera","it is very sad, it will","","","","",""
"c'est","it is","this is","voici, c'est","est","",""
"triste","sad","sad, sorry, distressing, melancholy, gloomy, grim, depressed, blue, sorrowful, unhappy, dismal, dreary, disconsolate, drear, mournful, miserable, woeful, bad, depressing, cheerless, bleak, painful, upset, dark, sullen, glum, forlorn, rueful, joyless, gray, weary, wan, dead, dolorous, lachrymose, funereal, funeral, gaunt, woesome, wailful, mopish","triste, regrettable, douloureux, déplorable, attristant, fâcheux, désolé, triste, piteux, moche, pénible, inquiétant, triste, bouleversant, tourmentant, mélancolique, triste, attristant, sombre, triste, morne, lugubre, ténébreux, mélancolique, sinistre, triste, lugubre, sévère, macabre, menaçant, déprimé, triste, abattu, diminué, découragé, en déclin, bleu, triste, salé, porno, grivois, douloureux, triste, attristant, malheureux, mécontent, triste, misérable, fâcheux, inquiet, lugubre, triste, morne, sombre, morne, triste, lugubre, inconsolable, désolé, triste, triste, morne, lugubre, triste, funèbre, mélancolique, affligé, misérable, malheureux, triste, pauvre, minable, pitoyable, triste, malheureux, affligeant, tragique, très triste, mauvais, méchant, triste, pas bon, pas bien, de mauvaise qualité, déprimant, triste, décourageant, en déclin, triste, morne, sombre, sans agrément, morne, triste, lugubre, désolé, glacial, froid, douloureux, pénible, difficile, triste, laborieux, déchirant, dérangé, vexé, triste, ennuyé, indisposé, tracas, sombre, foncé, noir, obscur, brun, triste, morne, renfrogné, triste, menaçant, bougon, rétif, maussade, morne, mélancolique, triste, désespéré, triste, abandonné, délaissé, triste, piteux, attristant, triste, morne, gris, grisonnant, sombre, morne, triste, las, fatigué, épuisé, fatigant, abattu, triste, blême, pâle, blafard, triste, maigre, faible, mort, décédé, défunt, disparu, éteint, triste, triste, plaintif, morne, triste, morne, lugubre, triste, funérailles, funèbre, obsèques, triste, décharné, émacié, creux, morne, triste, tragique, triste, malheureux, très triste, affligeant, gémissant, triste, triste","malheureux, lamentable, sérieux, découragé, malheureux, lamentable, pauvre, sérieux, découragé, abattu, déprimé, très triste, être triste, rendre triste, chanson noire triste","Chagriné, peiné.<br />Qui exprime la tristesse, qui n’est pas gai.<br />Qui cause du chagrin.<br />Sombre, maussade, en parlant du temps.<br />Déplorable, méprisable.<br />","Il est triste depuis que sa copine l’a quitté .<br />Une chanson triste .<br />Nous avons une triste nouvelle à vous apprendre : votre copain est à l’hôpital .<br />Les jours tristes de novembre .<br />Un triste personnage, une triste affaire .<br />"
"ce","this","this, it, that, that","cette, ce, cet, ces, ceci, celui-là, il, elle, le, ce, cela, la, que, qui, ce, celle, celui, cela, ce, cette, cet, ces","ce soir, en ce moment, en ce qui concerne, dans ce cas, pendant ce temps, ce matin, jusqu'à ce que, Qu'est-ce que c'est?, sur ce, à ce sujet","Ce pronom démonstratif invariable représente un nom, un infinitif, une proposition. Il désigne la personne ou la chose dont on parle.<br />SUJET IMPERSONNEL.<br />Ce + consonne.<br />C’ + voyelle.<br />C’est + nom au singulier.<br />C’est + pronom. Les pronoms singuliers, moi, toi, lui, elle, et les pronoms pluriels, nous, vous.<br />C’est + que.<br />C’est + quantité.<br />Ce sont + nom au pluriel.<br />Ce sont + eux, elles.<br />Ce ne sont pas + eux, elles.<br />COMPLÉMENT DIRECT.<br />Cela.<br />","Faites ce que je vous dis et non ce que je fais .<br />Ce sera une belle journée .<br />C’était hier. Ç’aurait pu être très agréable .<br />C’est une jolie maison .<br />C’est nous qui viendrons .<br />C’est à compter de demain que les prix augmentent .<br />C’est 5&nbsp;$ le kilo .<br />Ce sont des tulipes .<br />Ce sont elles qui ont le mieux répondu .<br />Ce ne sont pas eux qui ont payé .<br />Le gouvernement veut accroître la présence du français dans Internet : pour ce faire, il subventionnera la production d’outils informatiques en français .<br />"
"sera","will be","","","être, estre","",""
"dans cette chanson sur seulement","in this song only","","","","",""
"cette","this","this, that","cette, ce, cet, ces, ceci, celui-là, ce, cette, cet, ces","cette nuit, de cette façon, pour cette raison, à cette occasion, dans cette direction, dans cette situation, à cette époque-là","",""
"chanson","song","song, track","chanson, chant, ramage, petite somme, prix bas, piste, voie, chanson, morceau, trace, rail","chant, ballade, chanter une chanson, chanson populaire, chanson noire triste","Pièce de vers qui se chante.<br />","Une belle chanson de Félix Leclerc .<br />"
"sur","sure","on, to, about, over, at, upon, onto, with, across, along, against, after, before","sur, dans, par, au bord de, à, de, pour, vers, sur, en, sur, au sujet de, vers, à peu près, plus de, sur, pendant, au cours de, tout près, tout droit, à, de, sur, en, vers, à propos de, sur, à, sur, avec, à, de, sur, à travers, sur, de l'autre côté, le long de, sur, dans, avec, contre, sur, vis à vis, en opposition avec, en échange de, en vue de, après, derrière, malgré, sur, vers, ci-après, avant, devant, en présence de, sur, plutôt que de","sûr, sur place, sur le sol, sur la table, compter sur, sur le terrain, sur ce, taxe sur la valeur ajoutée, reposer sur, sur le dos, sur quoi","En haut, au sommet de.<br />À la surface.<br />Dans la direction de.<br />Au sujet de.<br />D’après.<br />Par rapport à (un nombre).<br />Qui a un goût acide.<br />","Sur le toit, sur la colline, sur la tête, sur un cheval .<br />Sur la terre .<br />Tourner sur la gauche .<br />Il fait des recherches sur la plasticité du cerveau .<br />On ne peut juger sur les apparences .<br />Sur dix personnes consultées, huit nous ont donné leur avis .<br />Une pomme sure .<br />"
"seulement","only","only, solely, just, merely, but, even, only","seulement, uniquement, ne ... que, uniquement, seulement, seulement, juste, exactement, précisément, directement, simplement, seulement, purement, seulement, ne ... que, même, encore, seulement, jusqu'à, seulement, mais","seul, simplement, mais, cependant, seul, seul, uniquement, seul, exclusivement, simplement, même, mais, seul, uniquement, que, exclusivement, cependant, mais, simplement, uniquement, que, sauf, simplement, simplement, strictement, si seulement, non seulement, pas seulement","Uniquement, sans autre chose.<br />Toutefois.<br />","Ils emportèrent seulement des livres .<br />Elle nous avait prévenus, seulement personne n’a voulu la croire .<br />"
"et les branches tombent sur le sol et rien ne peut changer","and branches fall to the ground and nothing can change","","","","",""
"les","the","the, them","les, la, le, les, leur, eux, elles","tous les jours, les gens, tous les deux, les autres, faire les courses, les femmes, dans tous les cas, les siens, tous les ans, tomber dans les pommes","Déterminant défini qui s’emploie devant un nom masculin pluriel ou féminin pluriel désignant des personnes ou des choses connues dont on a déjà parlé.<br />Pronom remplaçant un nom de personne ou de chose déterminé, déjà exprimé et qui est masculin pluriel ou féminin pluriel.<br />","Ces cadeaux, tu les déballeras sous peu .<br />"
"branches","branches","framework","cadre, structure, charpente, système, plan, branches","brancher, branche","",""
"tombent","fall","fall, fall down, drop, shed, collapse, tumble, go down, descend, land, drop out, droop, come off, pitch, dwindle","tomber, baisser, devenir, écrouler, effondrer, être battu, tomber, retomber, descendre, négliger, s'écrouler, tomber, abandonner, laisser tomber, baisser, supprimer, diminuer, perdre, verser, tomber, faire couler, séparer, déverser, écrouler, effondrer, tomber, échouer, capoter, perdre, culbuter, tomber, dégringoler, chuter, basculer, renverser, descendre, diminuer, baisser, tomber, plonger, battre, descendre, tomber, se descendre, se transmettre à, être issu de, passer par l'héritage de, débarquer, se poser, accoster, tomber, retomber, pêcher, abandonner, tomber, se retirer, renoncer, tomber, baisser, pencher, abattre, se décourager, commencer à baisser la tête, se détacher, se décoller, tomber, cesser, avoir lieu, se produire, lancer, tanguer, jeter, tomber, bazarder, donner, diminuer, tomber, s'affaiblir","passer, sembler, devenir, atteindre, dégringoler, baisser, aligner, descendre, provenir, croître, trouver, passer, revenir, sembler, causer, éviter, provoquer, devenir, atteindre, frapper, sembler, trouver, découvrir, dégringoler, baisser, abaisser, aligner, sortir, entrer, retomber, descendre, devenir, provenir, augmenter, accumuler, accroître, baisser, descendre, croître, abréger, baisser, réduire, amoindrir, diminuer, abaisser, trouver, devenir, tomber amoureux, laisser tomber, tomber en panne, tomber dans les pommes, tomber malade, faire tomber, tomber par terre, tomber enceinte, tomber amoureux de, tomber sur","Être entraîné de haut en bas.<br />Tomber +&nbsp;adjectif ou nom. Devenir subitement (amoureux, malade, etc.).<br />","La petite fille est tombée de la balançoire .<br />Il est tombé amoureux (et non *en amour) .<br />"
"sol","ground","soil, ground, floor, flooring, sol, G, earth","sol, terre, tache, détritus, terre agricole, ordures, sol, terre, terrain, motif, base, raison, étage, sol, plancher, minimum, sol, revêtement de sol, parquet, carrelage, sol, sol, terre, monde, sol, globe terrestre, boue, terrier","pays, terre, plancher, pays, terre, terre, plancher, pays, étage, sous-sol, sur le sol, tapis de sol, revêtement de sol, au sous-sol, clef de sol, toucher le sol","Partie de la surface de la terre.<br />Terre considérée quant à ses qualités productives.<br />Plancher.<br />Cinquième note de la gamme de do.<br />","Un sol fertile .<br />Des revêtements de sol .<br />Un hélicoptère vient de toucher le sol .<br />"
"rien","nothing","nothing, naught, nil, nix, zilch, nothingness, anything, nix","rien, zéro, nullité, rien, néant, zéro, nullité, insignifiance, néant, zéro, rien, rien, peau de balle, rien, zéro, chose que dalle, personne qui dalle, néant, rien, vide, imbécillité, rien, tout, quelque chose, n'importe quoi, rien","seul, non, seul, uniquement, non, non, néant, tout, non, pas, personne, néant, zéro, tout, personne, de rien, pour rien, rien du tout, rien de plus, rien à faire, ça ne sert à rien, rien que pour toi, ne rien faire, presque rien, rien de rien","Peu de chose.<br />Insignifiances.<br />Quelque chose (sans particule négative).<br />Aucune chose (avec ne ou sans ).<br />Nulle chose (sans particule négative).<br />","S’attacher à des riens .<br />Il est incapable de rien dire (de dire quoi que ce soit) .<br />Elle n’a rien fait .<br />Il a fait ce voyage pour rien .<br />"
"peut","can","","","pouvoir","",""
"changer","change","change, alter, vary, switch, shift, turn, reverse, renew, switch over, commute","changer, modifier, évoluer, remplacer, transformer, se modifier, modifier, altérer, changer, transformer, retoucher, améliorer, varier, différer, changer, faire varier, se modifier, changer, échanger, transférer, couper, aiguiller, se transformer, déplacer, décaler, changer, transférer, modifier, se déplacer, tourner, se tourner, changer, faire tourner, se retourner, renverser, inverser, renverser, annuler, changer, retourner, révoquer, renouveler, reconduire, reprendre, remplacer, changer, répéter, changer, changer de chaîne, changer de station, commuer, faire la navette, substituer, changer, atténuer la peine, payer dans un coup","échanger, varier, transformer, changer de main, traduire, revoir, modifier, passer, convertir, adapter, échanger, varier, transformer, changer de main, traduire, transformer, revoir, remplacer, remédier, bouger, transformer, modifier, châtrer, castrer, passer, transformer, convertir, échanger, transformer, modifier, transformer, échanger, transformer, adapter, transformer, changer d'avis, se changer, changer de place, changer de, changer de direction, faire changer, changer de position, faire changer d'avis, changer de chaîne","Modifier.<br />Convertir une monnaie en une autre monnaie.<br />Transformer en.<br />Céder une chose pour une autre.<br />Choisir une autre personne, une autre chose.<br />Varier.<br />Passer d’un état à un autre.<br />Faire place à.<br />Changer de vêtements.<br />","L’alchimiste a changé le fer en or .<br />Il a changé son automobile contre une bicyclette .<br />Il a changé les appareils d’éclairage .<br />Changer des dollars en euros .<br />"
"dans mes rêves préconçus, je me suis laissée aller","preconceived in my dreams, I let myself go","","","","",""
"rêves","dreams","dream","rêve, rêverie, merveille, songerie","utopie, ambition, utopie, ambition, souhait, utopie, roman, divagation, fantasmagorie, fiction, rêvasserie, illusion, vue de l'esprit, chimère, rêver, faire un rêve","Images qui viennent à l’esprit pendant le sommeil.<br />Désir, projet plus ou moins réalisable.<br />","« Le rêve, dans sa tête, bruissait toujours malgré tout »<br />Caresser un rêve .<br />"
"préconçus","predesigned","preconceived, prejudiced","préconçu, partial, préconçu, plein de préjugés","","Se dit d’un avis préétabli, d’une idée élaborée sans examen critique.<br />","Une idée préconçue .<br />"
"me","me","me, myself","me, moi, me, mon état, moi-même","il me semble, il me semble que, je me sens mieux, Je ne me sens pas bien., Je me sens malade., Je me suis perdu., Merci de me dire où descendre., si je puis me permettre, il me plaît, cela me dépasse","Pronom personnel masculin et féminin de la première personne du singulier. Me ne s’emploie que devant un verbe ou après le verbe à l’impératif, où il s’élide devant en ou y.<br />","Tu me donnes un livre .<br />"
"suis","am","am","suis","suivre, être, estre, je suis désolé, Je suis en vacances., Je suis vraiment désolé., Je suis seul., Je suis célibataire., Je suis pressé., Je ne suis pas sûr., Je suis enceinte., Je suis étudiant., Je me suis perdu.","",""
"laissée","left","","","","",""
"mais mon désir incertain reste un bien trop lourd secret","but my desire remains uncertain too heavy secret","","","","",""
"désir","desire","desire, wish, longing, lust, will, craving, eagerness, readiness, crank, device","désir, envie, demande, souhait, désir, volonté, vœu, envie, désir, nostalgie, envie, convoitise, luxure, convoitise, désir, concupiscence, envie, désir sexuel, volonté, testament, désir, détermination, tendance, appétit, envie, désir, grand besoin, ardeur, désir, avidité, impatience, désir ardent, empressement, facilité, bonne volonté, désir, inclination, manivelle, excentrique, désir, dispositif, appareil, moyen, engin, emblème, désir","souhait, volonté, volonté, concupiscence, souhait, désir sexuel, désir ardent","Aspiration à posséder quelque chose.<br />Objet désiré.<br />Appétit sexuel.<br />","Formuler un désir .<br />Les vacances représentent son seul désir .<br />Une tenue qui excite le désir .<br />"
"incertain","uncertain","uncertain, unsettled, unclear, doubtful, dubious, unpredictable, undecided, shaky, dim, equivocal, hazardous, tremulous, skittish, tremulant","incertain, instable, instable, perturbé, incertain, non acquitté, méfiant, sans habitants, peu clair, incertain, troublé, difficile à lire, non pur, qui n'est pas clair, douteux, incertain, suspect, indécis, louche, hésité, douteux, suspect, incertain, équivoque, hasardeux, véreux, imprévisible, incertain, capricieux, impossible à prévoir, changeant, indécis, irrésolu, incertain, précaire, instable, chancelant, branlant, incertain, boiteux, faible, sombre, obscur, vague, terne, incertain, équivoque, douteux, ambigu, louche, incertain, hasardeux, risqué, aléatoire, périlleux, incertain, tremblant, tremblotant, timide, craintif, incertain, ombrageux, espiègle, inquiet, incertain, tremblant, tremblotant, timide, craintif, incertain","douteux, aléatoire, sceptique, douteux, aléatoire","Indéfini, imprécis.<br />Variable.<br />Indécis, perplexe.<br />","Des résultats incertains .<br />Le temps est incertain, il pleuvra peut-être .<br />Julie est incertaine; elle ne sait pas quelle option choisir .<br />"
"reste","rest","rest, residue, residual, residuum, remainder, remnant, scrap, left-over","repos, reste, appui, pause, support, sommeil, résidu, reste, relique, résidu, reste, résidu, reste, reste, autres, usufruit avec réversibilité, reste, débris, restant, ferraille, bout, reste, bagarre, bribe, fragment, reste","relique, différence, restes, repos, débris, résidu, queue, relique, vestige, différence, restes, repos, débris, vestige, reliquat, résidu, équilibre, résidu, queue, rester, qui reste, du reste, qui reste silencieux","Ce qui demeure d’un ensemble quand on en a retranché une partie.<br />Nourriture qui reste après un repas.<br />","Le reste d’une somme .<br />Grand-maman sait bien apprêter les restes .<br />"
"trop","too much","too, overly, too much, overmuch, unduly","trop, aussi, en plus, trop, trop, trop, excessivement, trop, excessivement","abusivement, démesurément, aussi, de trop, beaucoup trop, également, excessivement, immodérément, notamment, aussi, pareillement, itou, également, suffisance, trop tard, pas trop, trop fort, trop de, trop grand, trop gros, beaucoup trop, en trop, trop petit, trop long","Avec excès.<br />","Tu étudies trop! – Je ne le pense pas .<br />"
"lourd","heavy","heavy, leaden, cumbersome, onerous, unwieldy, clumsy, weighty, grievous, hefty, massive, ponderous, lumbering, dull, slow, oppressive, sultry, stodgy, close, soggy, outsize, outsized, bovine","lourd, gros, épais, fort, intense, dense, plombé, lourd, terne, morne, mauvais, lourd, encombrant, pesant, lent, lourd, pénible, lourd, peu maniable, difficile à manier, maladroit, maladroit, gauche, lourd, lourdaud, empoté, inélégant, lourd, pesant, important, grave, notable, grave, douloureux, pénible, cruel, sérieux, lourd, lourd, gros, costaud, fort, massif, énorme, lourd, écrasant, lourd, pesant, ennuyeux, monotone, maladroit, lourd, maladroit, terne, mat, ennuyeux, sourd, sombre, lourd, lent, en retard, lourd, lambin, monotone, ennuyeux, oppressif, oppressant, tyrannique, accablant, lourd, étouffant, étouffant, lourd, sensuel, chaud, suffocant, passionné, lourd, indigeste, bourratif, étouffé, proche, étroit, serré, strict, aimable, lourd, détrempé, pâteux, mou, lourd, imbibé, collant, énorme, colossal, gigantesque, lourd, énorme, colossal, gigantesque, lourd, bovine, stupide, lourd","plombé, écrasant, pesant, considérable, dense, grand, son, maussade, puissant, dur, sonore, plombé, écrasant, onéreux, emmerdant, ardu, pesant, pénible, fastidieux, pesant, considérable, grave, majeur, dense, grand, gros, son, profond, maussade, puissant, dur, difficile, ardu, éreintant, laborieux, pénible, sonore, lourdement, lourdement, gauchement, poids lourd, pas lourd, Il fait lourd., lourd de sens, marcher d'un pas lourd","Difficile à soulever, à porter en raison de son poids.<br />Pénible à&nbsp;faire, à supporter.<br />Beaucoup.<br />","C’est une lourde tâche que je ne pourrai accomplir sans la collaboration de tous .<br />Ces boîtes ne pèsent pas lourd .<br />"
"secret","secret","secret, privy, covert, undercover, hugger-mugger, hush-hush, ulterior, closet, inner, cryptic, esoteric, in camera, close, off the record, low-key, secret, secrecy, privacy, stealthiness, wrap, hugger-mugger","secret, caché, occulte, dérobé, invisible, retiré, privé, secret, caché, secret, caché, couvert, voilé, secret, clandestin, secret, dissimulé, secret, étouffé, ultérieur, secret, arrière, dissimulé, secret, interne, intérieur, intime, profond, secret, spirituel, sibyllin, secret, ésotérique, secret, privé, secret, proche, étroit, serré, strict, aimable, secret, secret, sans caractère officiel, confidentiel, modéré, secret, secret, confidence, clandestinité, secret, intimité, secret, solitude, caractère furtif, manière furtive, secret, vol, emballage, enveloppe, châle, couverture, peignoir, secret, pagaille, pagaïe, désordre, secret, dissimulation","privé, caché, confidentiel, mystérieux, clandestin, privé, caché, confidentiel, mystérieux, mystique, clandestin, confidentialité, énigme, abandon, mystère, confidentialité, énigme, arcane, mystère, abandon, intimité, mystère, agent secret, en secret, code secret, passage secret, garder un secret, top secret, service secret, garder secret, secret de polichinelle, dévoiler un secret","Qui est caché, confidentiel.<br />Réservé, discret.<br />Ce qui doit rester caché.<br />Recette, moyen de réussir quelque chose.<br />Discrétion totale.<br />","Une personne secrète .<br />Garder un secret .<br />Nouni a le secret des bons desserts .<br />Les concepteurs ont exigé le secret en ce qui a trait à leur nouveau produit .<br />"
"les branches restent bien au sol","branches remain firmly on the ground","","","","",""
"restent","stay","stay, remain, continue, keep, be left, stick, stick around, hold, rest, stop, lie, tarry, endure, live on, settle down","rester, séjourner, demeurer, continuer, suspendre, habiter, rester, demeurer, subsister, continuer, poursuivre, rester, reprendre, durer, persister, garder, conserver, tenir, continuer, rester, suivre, rester, coller, rester, enfoncer, planter, fourrer, persévérer, rester, rester dans les parages, attendre, tenir, détenir, contenir, retenir, conserver, rester, reposer, se reposer, rester, poser, laisser reposer, demeurer, arrêter, cesser, empêcher, mettre fin, stopper, rester, mentir, se coucher, reposer, résider, rester, être recevable, demeurer, rester, s'attarder, supporter, endurer, durer, rester, survivre, rester, vivre aux crochets de, vivre aux dépens de, se calmer, se stabiliser, se tasser, rester, redevenir normal, devenir normal","tenir, demeurer, conserver, reposer, terminer, maintenir, contenir, séjourner, persister, soutenir, détenir, défendre, retenir, partir, être debout, correspondre, tenir, continuer, demeurer, conserver, sauver, compter, maintenir, tenir, assurer, continuer, conserver, maintenir, tenir, continuer, reposer, respirer, terminer, maintenir, tenir, observer, continuer, contenir, suspendre, arrêter, finir, renoncer, renfermer, bloquer, réprimer, séjourner, persister, conserver, garder, taire, soutenir, supporter, accomplir, respecter, atteindre, endurer, subir, tolérer, souffrir, observer, prêter, continuer, porter, demeurer, reposer, détenir, retarder, arrêter, défendre, conserver, tenir, continuer, retenir, conserver, réduire, restreindre, supprimer, tenir, continuer, réprimer, reposer, rassurer, partir, quitter, donner, laisser, reposer, résider, demeurer, séjourner, retenir, maintenir, tenir, continuer, durer, conserver, maintenir, sauvegarder, protéger, tenir, assurer, continuer, être debout, correspondre, maintenir, adhérer, soutenir, accomplir, respecter, conformer, tolérer, observer, résider, demeurer, séjourner, maintenir, tenir, correspondre, adhérer, demeurer, séjourner, rester en contact, rester debout, rester calme, rester au lit, rester en ligne, rester assis, rester tranquille, rester ensemble, rester immobile, rester jeune","Demeurer dans un lieu.<br />Continuer d’être.<br />Se maintenir, persister.<br />Habiter, résider en un lieu.<br />","Ils sont partis, elle est restée .<br />Les paroles s’envolent, les écrits restent .<br />Un problème reste : nous n’avons plus d’argent .<br />Il restait à la campagne .<br />"
"au","the","","","au revoir, au moins, au lieu de, au contraire, au plus tard, au début, au fait, au dessus, au-dessus, au milieu","Au . Forme contractée de la préposition à et de l’article masculin le.<br />Aux . Forme contractée de la préposition à et de l’article masculin et féminin les.<br />","Les pommiers fleurissent au printemps .<br />Étienne a écrit aux copains de l’été .<br />"
"et je me tairai à jamais","and I will be silent forever","","","","",""
"tairai","be silent","hush up","étouffer, taire, cacher","persister, se taire, tuer, persister, conserver, rester, garder, se taire, faire taire, apaiser, tuer, mourir, assassiner, se taire, faire taire","Ne pas révéler ce que l’on n’est pas obligé de faire connaître.<br />Garder le silence.<br />","Les secrets qu’il a tus .<br />"
"jamais","never","never, ne'er, ever, not at all, little","jamais, jamais, jamais, toujours, déjà, sans cesse, dans tout le temps, pas du tout, jamais, de rien, peu, rarement, jamais","depuis, toujours, plus jamais, à jamais, presque jamais, ne jamais, jamais de la vie, à tout jamais, jamais plus, mieux que jamais","(Sens positif) En un temps quelconque, futur ou passé.<br />(Sens négatif) À aucun moment.<br />(Sens négatif) Pas, nullement.<br />","La plus jolie musique que j’aie jamais entendue .<br />Il ne joue jamais dehors .<br />Je me rends au travail à pied, jamais à vélo .<br />"
"mon regard c'est plonger","my eye is to plunge","","","","",""
"plonger","dive","dive, plunge, immerse, bury, dip, sink, go down, thrust, plunge in, swoop, go bankrupt, fall off","plonger, se plonger, faire plonger, descendre en piqué, se descendre, se foncer, plonger, jeter, enfoncer, se jeter, se précipiter, piquer du nez, immerger, plonger, baptiser par immersion, enterrer, ensevelir, enfouir, inhumer, plonger, oublier, tremper, plonger, piquer, se plonger, faire baisser, feuilleter, sombrer, enfoncer, plonger, baisser, pénétrer, noyer, descendre, diminuer, baisser, tomber, plonger, battre, enfoncer, plonger, tendre, fourrer, allonger, introduire de force, plonger, descendre en piqué, plonger, piquer, fondre sur, faire une descente, avaler, faire faillite, plonger, plonger","se plonger, plonger dans l'eau, faire plonger","Enfoncer dans un liquide.<br />Enfouir.<br />Jeter dans (un certain état).<br />Sauter dans l’eau.<br />S’absorber dans une activité.<br />S’immerger.<br />","Mon invitation le plongea dans l’embarras .<br />Plonger un récipient dans l’eau .<br />Les enfants adorent plonger leurs mains dans le sable chaud de la plage .<br />"
"et toi tu ne sais pas que je voudrais bien de toi","and thou not know that I would love you","","","","",""
"les temps se sont mariés","times married","","","","",""
"se","himself","themselves, himself, herself","se, eux-mêmes, elles-mêmes, se, sa personne, lui-même, se, elle, elle-même","se lever, se reposer, se tromper, se promener, se coucher, se plaindre, se moquer, se battre, se taire, se souvenir","Pronom personnel réfléchi masculin et féminin de la troisième personne du singulier et du pluriel employé comme complément direct, comme complément indirect.<br />","Elle se lave .<br />"
"sont","are","be, exist","être, devenir, exister, venir, aller, coûter, exister, être, vivre, subsister","prendre, suivre, reposer, dessiner, affecter, être aux écoutes, lier, représenter, obtenir, se trouver, égaler, amener, retenir, fournir, atteindre, reproduire, se tirer, coûter, éprouver, vivre, exister, contenir, faire, prendre, faire, suivre, reposer, distinguer, privilégier, définir, mentionner, qualifier, caractériser, ressembler, paraître, demeurer, dessiner, tirer, obtenir, avoir, devenir, recevoir, rendre, affecter, viser, conduire, obtenir, tendre, avoir, évoluer, aboutir, évaluer, aller, devenir, rendre, être aux écoutes, lier, représenter, constituer, prendre, amener, obtenir, avoir, contracter, devenir, lier, correspondre, apporter, obtenir, avoir, devenir, recevoir, prendre, avoir, devoir, tenir, prendre, obtenir, avoir, laisser, devoir, tenir, permettre, devenir, recevoir, rendre, se trouver, prendre, avoir, devoir, égaler, amener, obtenir, avoir, apporter, aboutir, devenir, recevoir, transporter, rendre, retenir, prendre, faire, donner, avoir, devoir, tenir, rendre, fournir, grandir, obtenir, rédiger, développer, avoir, fabriquer, publier, créer, élaborer, produire, aboutir, devenir, recevoir, rendre, atteindre, avoir, comprendre, devenir, recevoir, prendre, recueillir, avoir, devoir, accepter, tenir, admettre, recevoir, reproduire, générer, obtenir, avoir, engendrer, concevoir, devenir, recevoir, rendre, représenter, faire, venir, avoir, aller, se tirer, obtenir, avoir, décaniller, enculer, décamper, dégager, devenir, ficher le camp, coûter, prendre, atteindre, endurer, obtenir, subir, avoir, souffrir, devoir, tenir, continuer, devenir, recevoir, éprouver, prendre, avoir, devoir, tenir, vivre, exister, reposer, distinguer, prendre, privilégier, posséder, mentionner, avoir, comporter, devoir, ressembler, tenir, paraître, demeurer, disposer, contenir, composer, comprendre, comporter, obtenir, avoir, devenir, recevoir, rendre, faire, venir, avoir, aller, atteindre, obtenir, avoir, parvenir, devenir, peut-être, peut être, être au courant, être humain, bien-être, être en forme, être pressé, être en vacances, bien être, être malade","Exister, avoir une réalité.<br />VERBE RELIANT L’ATTRIBUT AU SUJET.<br />Le verbe être établit la relation entre le sujet et l’attribut.<br />Se situer.<br />Se trouver.<br />Appartenir.<br />S’occuper à.<br />Tendre vers.<br />Faire partie de.<br />Venir de, être originaire de.<br />Donner son soutien à.<br />AUXILIAIRE DE CONJUGAISON.<br />L’auxiliaire être sert à conjuguer :.<br />AUXILIAIRE DE TEMPS.<br />","« Je pense, donc je suis »<br />Les érables sont magnifiques .<br />La ville de Trois-Rivières est au nord du Saint-Laurent .<br />Ils seront à Paris en mai .<br />Cette maison est à elle .<br />Être à son travail .<br />Le temps est à la neige .<br />Être de la fête, d’une société donnée .<br />Geneviève est de Montréal .<br />Elle est pour l’indépendance du Québec .<br />"
"mariés","married","married, wedded, coupled","marié, mariée, conjugal, marié, accouplé, marié","matrimonial, mariée, marital, Marie, jeune marié, nouveau marié, non marié, Je suis marié., Êtes-vous marié?","Qui est uni à une autre personne par le mariage.<br />","Des jeunes mariés .<br />"
"après tes jours hésitants, je ne peux plus t'éviter","hesitant after your days, I can not save you","","","","",""
"après","after","after, afterwards, afterward, next, hereafter, next to, after, following, next","après, ensuite, ci-après, après, ensuite, plus tard, par la suite, après, ensuite, plus tard, par la suite, ensuite, après, après, plus tard, dans l'avenir, ci-après, à côté, après, avant-dernier, après, derrière, malgré, sur, vers, ci-après, après, suite à, après","postérieurement, ensuite, en, par la suite, prochainement, puis, derrière, ultérieurement, subséquemment, d'après, après-midi, ci-après, après tout, après réflexion, après quoi, peu après, après que, après-demain, jour après jour","Ensuite.<br />Rapport de hiérarchie sociale, morale, etc.<br />Ensuite.<br />Plus loin.<br />","Maître après Dieu .<br />Après la pluie, le beau temps .<br />Après la chambre, il y a le salon .<br />"
"jours","days","day, daytime","jour, journée, jour, journée","journée, temps, angle, journalier, présent, cadeau, journée, temps, aujourd'hui, angle, feu, lumière, contexte, journalier, quotidien, présent, datte, date, cadeau, donation, moment, présent, jour férié, un jour, mise à jour, chaque jour, par jour, mettre à jour, du jour, le jour, ordre du jour, à jour","Abréviations j (s’écrit sans point), d (du latin « dies », qui signifie « jour »).<br />Clarté.<br />Ouverture, orifice.<br />Division du temps qui comprend 24 heures.<br />","Le jour se lève .<br />Il y a un peu de jour dans l’assemblage de cette fenêtre .<br />Il y a 365&nbsp;jours dans une année .<br />"
"hésitants","hesitant","hesitant, halting, wavering, faltering, irresolute, dubious, backward, stammering, shilly-shally, willy-nilly","hésitant, indécis, irrésolu, hésitant, boiteux, haché, chancelant, hésitant, vacillant, oscillant, ondoyant, tremblant, chancelant, hésitant, irrésolu, indécis, hésitant, douteux, suspect, incertain, équivoque, hasardeux, hésitant, arriéré, rétrograde, retardé, peu avancé, lent, hésitant, balbutiant, bégayant, bègue, bégayeur, hésitant, hésitant, hésitant","","Qui hésite, qui tergiverse.<br />","Une voix hésitante .<br />"
"peux","can","can, may","pouvoir, pouvoir faire, mettre en boîte, virer, mettre en conserve, savoir faire, pouvoir, avoir la possibilité de","conserver, risquer, habiliter, arriver, autoriser, tirer, limoger, licencier, terminer, congédier, renvoyer, pouvoir d'achat, abus de pouvoir, au pouvoir, pouvoir judiciaire, pouvoir faire, prendre le pouvoir, fondé de pouvoir, pouvoir législatif, pouvoir exécutif, pouvoir acheter","Avoir la possibilité, le droit de faire quelque chose.<br />Être capable de faire quelque chose.<br />Avoir l’autorité de, être en mesure de.<br />Être en mesure de.<br />","C’est formidable, Fanny peut dessiner à l’ordinateur! Si tu le peux, viens me voir .<br />La directrice peut décider de fermer l’école s’il y a une tempête de neige .<br />"
"t'éviter","avoid you","","","","",""
"et ce cri trop interne ne peut vraiment pas cesser","and that internal cry too can not really stop","","","","",""
"cri","cry","cry, shout, call, yell, scream, shriek, screaming, whoop, squawk, screen, weeping, crier","cri, exclamation, slogan, aboiement, opinion publique, vagissement, cri, explosion, interpellation, appel, visite, voix, coup de fil, invitation, cri, cri, hurlement, cri, hurlement, rire, cris aigu, cri strident, cri, cri perçant, cri aigu, hurlement, cri, cri, cri de joie, coqueluche, ululement, toux aspirante, cri, gloussement, braillement, écran, crible, paravent, claie, cri, larmes, cri, crieur, cri, commerçant à bagage, marchand ambulant, huisseur, enfant criant","protestation, tollé, vocifération, chant, visite, appel, dernier cri, pousser un cri, cri de guerre, cri de joie, cri strident, cri aigu","Son intense causé par la douleur, l’émotion, destiné à appeler.<br />Parole prononcée avec force.<br />Bruit d’un animal.<br />Relatif aux Amérindiens d’une nation autochtone du Québec.<br />","Des cris de joie saluèrent l’arrivée du clown .<br />On entendait des cris de détresse : au secours! à l’aide!<br />Le cri du cheval est le hennissement .<br />La culture crie, des projets cris .<br />"
"interne","internal","internal, inner, inside, in-house, intern, boarder, residential student","interne, interne, intérieur, intime, profond, secret, spirituel, intérieur, interne, interne, interne, interné, pensionnaire, interne, interne","intérieur, privilégié, national, domestique, intérieur, intérieur, intime, privilégié, intérieur, national, intérieur, domestique, national, intérieur, dedans, dedans, intérieur, interné, médecine interne, hémorragie interne, oreille interne, loi interne","Qui est situé en dedans.<br />Élève logé et nourri dans un établissement scolaire.<br />","L’oreille interne .<br />"
"vraiment","really","really, truly, genuinely, actually, indeed, awfully, properly","vraiment, réellement, en réalité, véritablement, vachement, comme tout, vraiment, véritablement, en vérité, sincèrement, vraiment, sincèrement, authentiquement, en fait, réellement, en réalité, vraiment, actuellement, véritablement, en effet, effectivement, voire, vraiment, terriblement, vraiment, très atroce, correctement, convenablement, proprement, comme il faut, vraiment, raisonnablement","véritablement, réellement, certes, absolument, sincèrement, très, beaucoup, authentiquement, certainement, carrément, bien, véritablement, sincèrement, réellement, réellement, effectivement, certes, absolument, entièrement, parfaitement, totalement, sincèrement, très, beaucoup, nettement, maint, vivement, très, absolument, authentiquement, sincèrement, certainement, en effet, bien sûr, certes, carrément, véritablement, réellement, effectivement, bien, absolument, véritablement, véritablement, effectivement, Vraiment!, Vraiment?, Je suis vraiment désolé.","Véritablement.<br />Certainement.<br />","Elles sont vraiment gentilles, ces bibliothécaires .<br />Je pense vraiment qu’il avait raison .<br />"
"cesser","stop","stop, cease, discontinue, desist, leave off, come off","arrêter, cesser, empêcher, mettre fin, stopper, mettre un terme, cesser, faire cesser, couper, s'arrêter, cesser, interrompre, abandonner, s'arrêter, cesser, se quitter, s'arrêter, cesser, abandonner, arrêter, s'arrêter, se détacher, se décoller, tomber, cesser, avoir lieu, se produire","réduire, clore, arrêter, réduire, supprimer, amoindrir, diminuer, descendre, ralentir, clore, terminer, finir, résilier, arrêter, cesser de, cesser de fumer, faire cesser","Mettre fin à.<br />Arrêter.<br />Prendre fin, arrêter.<br />","Cesser ses activités .<br />"
"les branches restent sur le sol","the legs are on the floor","","","","",""
"et je t'ai enfin trouvé","and I've finally found","","","","",""
"enfin","finally","finally, at last, after all, however, that is to say, howsoever","enfin, finalement, définitivement, pour terminer, enfin, dernièrement, après tout, enfin, finalement, enfin, de quelque manière que, si ... que, enfin, c'est-à-dire, de quelque manière que, enfin, si ... que","à la fin, au minimum, finalement, à la fin, en fin de compte, finalement, avec le temps, au minimum, au moins, finalement, en fin, mais enfin","L’adverbe marque la fin d’une attente, le soulagement.<br />L’adverbe marque la conclusion d’une énumération.<br />L’adverbe apporte une précision.<br />","Enfin, les vacances approchent! Te voilà enfin : ce n’est pas trop tôt .<br />Nous avons pris un potage, un plat et enfin un dessert .<br />Elle est trop directe, enfin plutôt franche et simple .<br />"
"trouvé","find","found","trouvé","bien trouvé","",""
"c'est bien triste ce sera","it is very sad it will be","","","","",""
