"au-dessus des vieux volcans","above the old volcanoes","","","","",""
"au","the","","","au revoir, au moins, au lieu de, au contraire, au plus tard, au début, au fait, au dessus, au-dessus, au milieu","Au . Forme contractée de la préposition à et de l’article masculin le.<br />Aux . Forme contractée de la préposition à et de l’article masculin et féminin les.<br />","Les pommiers fleurissent au printemps .<br />Étienne a écrit aux copains de l’été .<br />"
"dessus","above","over, on top","dessus, partout, encore, en haut, dessus, en dessus","au dessus, au-dessus, en dessus, par-dessus, au dessus de, au-dessus de, prendre le dessus, là-dessus, dessus de lit, par-dessus tout","L’endroit, le côté supérieur.<br />À un niveau supérieur.<br />","Le dessus de la commode est en marbre .<br />"
"des","of","","","dès, dés","Déterminant défini contracté pluriel ( de les ).<br />Déterminant indéfini pluriel de un, une.<br />Déterminant partitif pluriel exprimant une partie d’une chose au pluriel.<br />","Le chant des oiseaux .<br />Des pommes .<br />Manger des marinades .<br />"
"vieux","old","old, ancient, aged, aging, outdated, out-of-date, olden, obsolete, long in the tooth, wintry, cogged, doddery, winterly, grey-haired, old man, gaffer, dodderer, colonist","vieux, ancien, vieil, âgé, vétéran, ancien, antique, vieux, âgé, vieilli, vieux, vieillissant, vieux, dépassé, désuet, démodé, vieux, suranné, abandonné, démodé, vieux, dépassé, périmé, vieux, obsolète, dépassé, caduc, périmé, démodé, vieux, vieux, hivernal, glacial, torrentueux, vieux, morne, d'hiver, vieux, vieux, hivernal, torrentueux, glacial, vieux, morne, d'hiver, gris, vieux, vieillard, vieil homme, vieux, bonhomme, chef, patron, vieux, chef-électricien, vieux, croulant, colon, vieux","caduc, négligé, ancien, majeur, décrépit, expérimenté, caduc, délabré, infirme, négligé, ancien, ancien, antérieur, précédent, préalable, ancien, rassis, ancien, vieil, âgé, caduc, branlant, vacillant, chancelant, boiteux, chambranlant, bancal, délabré, majeur, caduc, décrépit, expérimenté, ancien, géniteur, ancien, géniteur, ancien, vieille, ancien, papa, pépé, sonorisation, ancien, destrier, mon vieux, vieux jeu, plus vieux, se faire vieux, très vieux, assez vieux, devenir vieux, vieux quartiers, vieux protecteur","Qui est avancé en âge.<br />Ancien.<br />Âgé.<br />Se dit d’un mot, d’une expression peu compréhensible aujourd’hui et rarement employé, sauf par effet de style. À titre d’exemples sont considérés comme vieux les noms aboi au sens de « cri du chien », aérolite au sens de « météorite », chaland au sens de « client, acheteur », les verbes bayer au sens de « être grand ouvert », bouter au sens de « chasser d’un lieu ».<br />","Ce monsieur est très vieux .<br />Une vieille maison .<br />Étienne est plus vieux que Marie-Ève .<br />"
"volcans","volcanoes","volcano","volcan","","Cratère situé sur une montagne, d’où s’échappent de la cendre, de la lave en fusion, etc.<br />",""
"glisse tes ailes sous le tapis du vent","glide your wings under the rug wind","","","","",""
"glisse","slips","","","patinage, glissé, glisser","Capacité d’un matériel, d’un skieur à glisser sur la neige, la glace.<br />",""
"tes","your","your, your, thy","votre, vos, tes, ton, ta, votre, vos, tes, ton, ta, à vous, tes, ton, ta","","Déterminant possessif pluriel de la deuxième personne du singulier qui détermine le nom en indiquant le « possesseur » de l’objet désigné. Il s’accorde en genre et en nombre avec le nom déterminé.<br />Le déterminant possessif s’accorde en personne avec le nom désignant le « possesseur ». Ainsi, le déterminant possessif tes renvoie à un seul « possesseur » de plusieurs êtres, de plusieurs objets.<br />","Tes jouets .<br />Fanny, joue avec tes animaux! (un seul possesseur) .<br />"
"ailes","wings","wing, fender, blade, vane","aile, ailier, pavillon, aile, protection, clôture, barrière, garde-boue, garde-feu, lame, pale, aube, fer, aile, plat, girouette, pale, aile","feuille, annexion, piano à queue, accompagnement, feuille, annexion, annexe, piano à queue, accompagnement, flanc, ailé","Partie du corps de certains animaux qui sert à voler.<br />Partie de l’avion qui lui permet de voler.<br />Partie latérale.<br />","Les ailes de l’hirondelle .<br />Les ailes d’un planeur .<br />L’aile droite de cet hôpital a été rénovée .<br />"
"sous","under","under, within, below, beneath, underneath, underneath, cash","sous, selon, conformément à, dans, à moins de, sous, dans les limites, selon, à l'intérieur de, sous, au-dessous de, sous, indigne de, sous, au-dessous de, sous, dessous, en dessous, en bas, au-dessous de, espèces, argent, fric, sous","sous-, sou, sous-sol, sous-marin, sous-traitant, sous-traitance, sous-jacent, sous la pluie, sous-entendu, sous-vêtement, sous le vent, sous-titre","La préposition marque une position inférieure dans l’espace.<br />La préposition marque la dépendance.<br />À l’époque de.<br />Moyennant, par le moyen de.<br />","Il s’est abrité sous l’auvent .<br />Ce projet est sous la responsabilité de l’enseignant .<br />L’ordonnance de Villers-Cotterêts fut proclamée. sous le règne de François l er .<br />Sous la menace d’une retenue, les élèves turbulents se sont calmés .<br />"
"le","the","the, it, him","les, la, le, il, elle, le, ce, cela, la, lui, le, celui, l'","tout le monde, le matin, pour le moment, le monde, le mien, dans le but de, le lendemain, tout le temps, faire le point, le temps","Déterminant défini qui s’emploie devant un nom masculin singulier désignant des personnes ou des choses connues, dont on a déjà parlé.<br />Pronom remplaçant un nom de personne ou de chose déterminé, déjà exprimé et qui est masculin singulier.<br />","Ce voyage, tu pourras le faire .<br />"
"tapis","carpet","carpet, mat, baize","tapis, moquette, tapis, natte, paillasson, carpette, tapis-brosse, essuie-pieds, serge, tapis","carpette, tapi, tapir, tapis roulant, tapis de sol, tapis rouge, sur le tapis, petit tapis, tapis de prière","Pièce textile dont on couvre le sol.<br />Tissu qui recouvre une surface.<br />","Un tapis persan .<br />Un tapis de table, de billard .<br />"
"du","from","","","dû, pas du tout, emploi du temps, faire du vélo, faire du ski, du matin, du monde, du moins, du jour, gagner du temps, du tout","Déterminant formé par la contraction de la préposition de et du déterminant défini le.<br />",""
"vent","wind","wind","vent, vents, souffle, gaz, tendance, blague","pet, éolienne, pourboire, tempête, pet, gaz, éolienne, jazz, néant, pourboire, pointe, tuyau, tempête, coup, orage, il fait du vent, sous le vent, moulin à vent, coup de vent, Il fait du vent., coupe-vent, au vent, instruments à vent, en coup de vent, souffle de vent","Mouvement plus ou moins rapide d’une masse d’air qui se déplace suivant une direction déterminée.<br />","Le vent du nord .<br />"
"voyage, voyage, éternellement","travel, travel, eternally","","","","",""
"voyage","travel","travel, locomotion, trip, journey, voyage, tour, touring, passage, pilgrimage, junket, peregrinations, progress","voyage, déplacement, locomotion, voyage, voyage, excursion, sortie, parcours, faux pas, lapsus, voyage, trajet, parcours, course, voyage, traversée, tournée, visite, tour, voyage, tourisme, tournée, tourisme, voyage, passage, adoption, couloir, conduit, traversée, voyage, pèlerinage, voyage, voyage, banquet, festin, réception, fromage frais sucré, fromage parfumé, voyage, progrès, progression, déroulement, avancée, voyage","trajet, mer, visite, voyagiste, déplacement, circuit, trajet, chemin, mer, traversée, visite, séjour, voyagiste, tour, aller, déplacement, circuit, tour, voyager, bon voyage, agence de voyage, faire un voyage, bonne voyage, voyage de noces, agent de voyage, partir en voyage, sac de voyage, voyage en avion, voyage d'affaires","Déplacement.<br />Aller et retour d’un lieu à un autre.<br />","Un voyage d’affaires, un voyage en Italie, en avion .<br />Pour déménager, ils ont fait plusieurs voyages avec leur camionnette .<br />"
"éternellement","eternally","eternally, perennially","éternellement, perpétuellement, éternellement","perpétuellement, constamment, définitivement, perpétuellement, interminablement, infiniment, constamment, immuablement, incessamment, continuellement, sans cesse, définitivement, toujours","De tout temps.<br />Sans cesse.<br />","Pour les chrétiens, Dieu existe éternellement .<br />Il se plaint éternellement .<br />"
"de nuages en marécages","clouds in swamps","","","","",""
"de","from","of, to, from, by, with, than, at, out of, off","de, en, pour, à, de, pour, vers, sur, en, de, à partir de, depuis, dès, de la part de, d'après, par, de, selon, à, près de, suivant, avec, à, de, sur, que, de, à, de, sur, en, vers, à propos de, de, hors de, par, en dehors de, de","dé, de rien, de plus, tout de suite, à partir de, au lieu de, pomme de terre, en fonction de, maillot de bain, à cause de, de plus en plus","• La préposition introduit un complément du nom en marquant :.<br />La possession.<br />L’origine.<br />Le temps.<br />La cause.<br />Le moyen.<br />La matière.<br />Le genre.<br />• La préposition introduit un complément du verbe en marquant :.<br />Le lieu.<br />Le temps.<br />La cause.<br />Le moyen, l’instrument.<br />Élision de la préposition.<br />De + adjectif.<br />L’article de s’emploie devant des noms de choses qui ne peuvent se compter, devant un nom abstrait.<br />","La fille de (et non *à) mon amie .<br />Du sirop d’érable, du fromage de chèvre .<br />Le train de nuit .<br />Un vent d’orage, des frissons d’inquiétude .<br />Un air de piano, un coup de baguette magique .<br />Une colonne de bois, un toit de chaume .<br />Un roman d’aventures, un film de science-fiction .<br />Venir de Trois-Rivières .<br />Ils vont à l’école de 8&nbsp;h&nbsp;30 à 15&nbsp;h&nbsp;30 .<br />Les enfants sautent de joie : c’est la récréation!<br />Se servir d’un pinceau, d’une règle .<br />Il est tombé de la neige .<br />"
"nuages","clouds","cloud, drift, reek","nuage, tache, tache noire, regroupement, dérive, dérivation, déviation, mouvement, portée, nuage, puanteur, relent, fumée, vapeur, nuage","nuée, petit nuage, nuage noir, nuage de fumée, nuage de poussière, nuage de pluie","Masse vaporeuse de particules d’eau très fines qui flotte dans l’atmosphère.<br />Amas d’aspect vaporeux.<br />Écharpe faite d’un tissu de soie, de laine, léger et souple, qui couvre le cou et le bas du visage.<br />","Le ciel est couvert de nuages .<br />Un nuage de poussière, de fumée, de sauterelles, de moustiques .<br />« Elles n’en finissaient plus de se débarrasser de leurs grands bas, de leurs nuages de laine, de leurs crémones, de leurs chapes »<br />"
"en","in","in, into, to, at, of, during, thereof","dans, en, à, chez, dedans, au bout de, dans, en, dedans, de très près, à, de, pour, vers, sur, en, à, de, sur, en, vers, à propos de, de, en, pour, pendant, durant, en, au cours de, dans, lorsque, en, de cela","après, postérieurement, ensuite, par la suite, prochainement, puis, derrière, ultérieurement, subséquemment, en effet, en cours, en plus, en revanche, en haut, mettre en place, en bas, en attendant, en fait, en fonction de","Préposition qui marque un rapport de lieu, de temps, une notion de forme, de matière, de manière.<br />Pronom qui peut remplacer de suivi d’un groupe nominal, d’un complément de verbe ou d’un complément de nom.<br />","Une table en chêne .<br />De ce grand voyage autour du monde, ils en rêvent .<br />"
"marécages","swamps","","","marécage","",""
"de vents d'espagne en pluies d'équateur","of spain winds equator rains","","","","",""
"vents","wind","wind, wind instruments","vent, vents, souffle, gaz, tendance, blague, vents","vent, contre vents et marées","",""
"d'espagne","spain","","","","",""
"pluies","rains","rain, shower, wet, hail","pluie, flotte, douche, pluie, averse, volée, avalanche, bande, eau, humidité, pluie, vin, grêle, pluie","sous la pluie, la pluie tombe, pluie acide, goutte de pluie, eau de pluie, de pluie, pluie torrentielle, gouttes de pluie, pluie fine, pluie battante","Eau qui tombe par gouttes du ciel.<br />Ce qui tombe en abondance, comme la pluie.<br />","Une pluie abondante tombe sur la ville .<br />Une pluie de confettis recouvrit les nouveaux mariés .<br />"
"d'équateur","equator","","","","",""
"voyage, voyage, vole dans les hauteurs","travel, travel, flying in the heights","","","","",""
"vole","vole","vole","campagnol, vole","volé, voler","",""
"dans","in","in, into, within, on, inside, during, along, aboard","dans, en, à, chez, dedans, au bout de, dans, en, dedans, de très près, dans, à moins de, sous, dans les limites, selon, à l'intérieur de, sur, dans, par, au bord de, dans, à l'intérieur de, pendant, durant, en, au cours de, dans, lorsque, le long de, sur, dans, avec, à bord, dans","dan, dans le but de, dans ce cas, dans le monde entier, dans la mesure où, dans tous les cas, dans l'attente, partout dans le monde, dans le cas contraire, dans la nature, dans une heure","Cette préposition marque :.<br />Un lieu.<br />Le temps.<br />Une situation.<br />Une tendance, une intention.<br />","Mettre ses clés dans sa poche .<br />Nous comptons terminer dans un an .<br />Dans le doute, il vaut mieux s’abstenir .<br />Dans l’intérêt de notre groupe .<br />"
"les","the","the, them","les, la, le, les, leur, eux, elles","tous les jours, les gens, tous les deux, les autres, faire les courses, les femmes, dans tous les cas, les siens, tous les ans, tomber dans les pommes","Déterminant défini qui s’emploie devant un nom masculin pluriel ou féminin pluriel désignant des personnes ou des choses connues dont on a déjà parlé.<br />Pronom remplaçant un nom de personne ou de chose déterminé, déjà exprimé et qui est masculin pluriel ou féminin pluriel.<br />","Ces cadeaux, tu les déballeras sous peu .<br />"
"hauteurs","heights","uplands, upland","hautes terres, plateaux, hauteurs, hauteurs","hauteur","",""
"au-dessus des capitales, des idées fatales","above the capitals fatal ideas","","","","",""
"capitales","capitals","capital, capital letter","capital, capitale, capitaux, majuscule, chapiteau, majuscule, capitale","capital, majuscule, capital, fonds, chapiteau, majuscule, capital, casquette, calotte, majuscule, capital, capital, la peine capitale, peine capitale","Ville où siège le gouvernement d’un État.<br />Lettre majuscule.<br />","Rome est la capitale de l’Italie .<br />Écris ton nom en capitales ou en petites capitales .<br />"
"idées","ideas","idea, mind, notion, concept, thought, view, insight, think, inkling, outline, conceit, image","idée, notion, pensée, conception, projet, opinion, esprit, avis, idée, mémoire, intelligence, cerveau, notion, idée, conception, opinion, façon de penser, concept, idée, pensée, idée, avis, opinion, perspective, vue, avis, vision, regard, point de vue, idée, perspicacité, idée, idée, opinion, idée, soupçon, petite idée, vague, contour, plan, schéma, esquisse, tracé, idée, vanité, idée, conception, imagination, image, idée","estimation, esprit, notion, avis, conception, caprice, création, pensée, réflexion, concept, thème, estimation, rapprochement, approximation, esprit, notion, avis, foi, effet, croyance, impression, notion, opinion, conception, caprice, notion, création, conception, avis, sentiment, pensée, opinion, pensée, réflexion, pensée, concept, notion, thème, idée reçue, je n'ai aucune idée, idée fixe, idée principale, se faire une idée, avoir une idée, idée géniale","Conception de l’esprit.<br />Exposé rapide.<br />Illusion.<br />","Une idée géniale, audacieuse .<br />Donne-moi une idée de ton projet .<br />Tu te fais des idées : ce garçon ne m’intéresse pas du tout, Mélanie .<br />"
"fatales","fatal","fatal, fateful, lethal, mortal, terrible, baneful","fatal, mortel, néfaste, fatidique, fatidique, fatal, décisif, mortel, mortel, létal, meurtrier, fatal, mortel, fatal, terrible, épouvantable, effroyable, fatal, foudroyant, moche, funeste, fatal","calamiteux, fatidique, mortel, calamiteux, désastreux, noir, fatidique, mortel, létal","Inévitable.<br />Qui entraîne inévitablement la mort.<br />","Catherine n’a pas étudié : son échec était fatal .<br />Des accidents fatals .<br />"
"regarde l'océan","look ocean","","","","",""
"regarde","watch","look, see, look at, view, gaze, sight, concern, gory","regarder, examiner, voir, surveiller, voir, découvrir, savoir, visiter, regarder, apercevoir, regarder, considérer, vérifier, viser, voir, regarder, examiner, visiter, étudier, avoir un avis, regarder, fixer son regard, regarder longuement, voir, apercevoir, regarder, concerner, préoccuper, intéresser, regarder, impliquer, s'inquiéter, regarder","contempler, vérifier, voir, estimer, considérer, toucher, observer, affecter, guetter, veiller, contempler, prendre, considérer, vérifier, voir, voir, estimer, retenir, croire, assimiler, juger, supposer, tenir, réputer, considérer, considérer, contempler, agir, considérer, concerner, toucher, viser, référer, appartenir, concerner, observer, affecter, concerner, contempler, considérer, favoriser, examiner, guetter, suivre, veiller, protéger, observer, garder, veiller, observer, surveiller, regarder la télévision, regarder fixement, se regarder, regarder attentivement, regarder par la fenêtre, regarder en arrière, regarder de haut, regarder dans les yeux, regarder en bas, regarder bien","Observer.<br />Considérer.<br />Considérer comme.<br />Concerner.<br />Tenir compte de, prêter attention à.<br />Être face à face et se voir.<br />","Nous allons regarder cette question .<br />Ils l’ont toujours regardé comme leur fils .<br />Cette décision ne vous regarde pas .<br />Elle regarde les enfants qui s’amusent .<br />"
"l'océan","ocean","","","","",""
"voyage, voyage, plus loin que la nuit et le jour","travel, travel, beyond the night and day","","","","",""
"plus","more","more, more, most, further, any, plus","plus, de plus, encore de, d'autre, plus, davantage de, plus, le plus, plus de, presque, plupart de, au maximum, plus, davantage, plus loin, de plus, plus, plus, avantage","au plus haut niveau, strictement positif, au plus haut niveau, haut, strictement positif, positif, maintenant, moins, ni plus ni moins, outre, maintenant, très, moins, pratiquement, ni plus ni moins, outre, autant, somme, priorité, somme, ajout, addition, priorité, avantage, obtention, actif, atout, de plus, en plus, plus tard, non plus, de plus en plus, au plus tard, en plus de, plus que, plus de, plus tôt","L’adverbe plus marque la supériorité.<br />Comparatif des adverbes beaucoup ou très. Plus que + comparaison.<br />Superlatif relatif.<br />Signe de l’addition.<br />La plus grande quantité.<br />En ajoutant une quantité.<br />","Les parents s’inquiètent plus que les enfants .<br />Le plus que nous puissions espérer .<br />Deux tomates plus un concombre .<br />"
"loin","far","far, away, far away, afield, too far, long away, distant, faraway, out of the way","loin, beaucoup, loin, au loin, sans arrêt, continuellement, loin, très loin, au loin, loin, loin, loin, loin, lointain, éloigné, distant, froid, lointain, loin, distrait, perdu dans le vague, loin, retiré","lointain, dehors, beaucoup, encore, davantage, large, loin de, plus loin, de loin, aller plus loin, au loin, très loin, le plus loin, pas loin de, aller loin, loin d'ici","À une grande distance dans l’espace ou le temps.<br />","Parties à l’aube, elles sont très loin déjà .<br />"
"que","than","that, than, whether, that, which, what, whom, than, which, what, how","que, afin que, autant que, que, si, que, soit, que, qui, ce, celle, celui, cela, qui, laquelle, lequel, que, quel, quelle, que, quoi, quel, qui, que, à qui, avec qui, que, de, que, quel, que, quelle, quel, comment, que","aussi, mais, même, cependant, aussi, tant, puisque, même, également, quand, comme, mais, seul, uniquement, seulement, exclusivement, même, cependant, mais, simplement, uniquement, seulement, sauf, que?, alors que, bien que, ainsi que, parce que, tandis que, pour que, dès que, tant que, en tant que, afin que","",""
"la","There","the, la, lah, A, it, her","les, la, le, la, la, la, il, elle, le, ce, cela, la, elle, lui, la, celle, à elle, l'","Louisiane, dame, lanthane, statistique, Louisiane, dame, madame, lanthane, statistique, statistiques, là, la plupart, à la fois, toute la journée, à la place de, la semaine prochaine, faire la vaisselle, faire la fête, de la part de, par la suite, la foule","Sixième note de la gamme de do.<br />Déterminant défini qui s’emploie devant un nom féminin singulier désignant des personnes ou des choses connues, dont on a déjà parlé.<br />Pronom remplaçant un nom de personne ou de chose déterminé, déjà exprimé et qui est féminin singulier.<br />","Cette orange, tu la dégusteras cet après-midi .<br />"
"nuit","night","night, darkness, night time","nuit, obscurité, ténèbres, obscurité, ténèbres, nuit, noirceur, opacité, ignorance, nuit","soirée, obscurité, soirée, soirée, obscurité, noirceur, nuitée, obscurité, sombre, soirée, soir, nuire, bonne nuit, cette nuit, la nuit, chemise de nuit, toute la nuit, jour et nuit, de nuit, table de nuit, passer la nuit, pendant la nuit","Durée écoulée entre le coucher et le lever du soleil.<br />Obscurité.<br />","La nuit, tous les chats sont gris. (Adage)<br />Il fait nuit .<br />"
"et","and","and","et, aussi","et alors, aller et retour, et moi aussi, et puis, sain et sauf, nom et prénom, et caetera, et cetera, jour et nuit, vingt et un","La conjonction de coordination ou coordonnant unit des propositions indépendantes affirmatives.<br />La conjonction de coordination ou coordonnant unit une proposition affirmative et une proposition négative.<br />La conjonction de coordination ou coordonnant unit des unités aux dizaines.<br />","Le vent se lève et la pluie se met à tomber .<br />Il aime la bonne cuisine et ne fume pas .<br />Vingt et une personnes .<br />"
"jour","day","day, daytime","jour, journée, jour, journée","journée, temps, angle, journalier, présent, cadeau, journée, temps, aujourd'hui, angle, feu, lumière, contexte, journalier, quotidien, présent, datte, date, cadeau, donation, moment, présent, jour férié, un jour, mise à jour, chaque jour, par jour, mettre à jour, du jour, le jour, ordre du jour, à jour","Abréviations j (s’écrit sans point), d (du latin « dies », qui signifie « jour »).<br />Clarté.<br />Ouverture, orifice.<br />Division du temps qui comprend 24 heures.<br />","Le jour se lève .<br />Il y a un peu de jour dans l’assemblage de cette fenêtre .<br />Il y a 365&nbsp;jours dans une année .<br />"
"voyage, dans l'espace inouï de l'amour","Travel in the incredible space of love","","","","",""
"l'espace","space","","","","",""
"inouï","incredible","incredible, amazing, unheard-of, all-time","incroyable, invraisemblable, inouï, fantastique, impossible, dément, incroyable, surprenant, stupéfiant, exceptionnel, ahurissant, inouï, inouï, sans précédent, sans précédent, inouï","sans précédent","Extraordinaire, prodigieux.<br />","Des histoires inouïes .<br />"
"l'amour","love","","","","",""
"voyage, voyage, sur l'eau sacrée d'un fleuve indien","travel, travel, the sacred water of an Indian river","","","","",""
"sur","sure","on, to, about, over, at, upon, onto, with, across, along, against, after, before","sur, dans, par, au bord de, à, de, pour, vers, sur, en, sur, au sujet de, vers, à peu près, plus de, sur, pendant, au cours de, tout près, tout droit, à, de, sur, en, vers, à propos de, sur, à, sur, avec, à, de, sur, à travers, sur, de l'autre côté, le long de, sur, dans, avec, contre, sur, vis à vis, en opposition avec, en échange de, en vue de, après, derrière, malgré, sur, vers, ci-après, avant, devant, en présence de, sur, plutôt que de","sûr, sur place, sur le sol, sur la table, compter sur, sur le terrain, sur ce, taxe sur la valeur ajoutée, reposer sur, sur le dos, sur quoi","En haut, au sommet de.<br />À la surface.<br />Dans la direction de.<br />Au sujet de.<br />D’après.<br />Par rapport à (un nombre).<br />Qui a un goût acide.<br />","Sur le toit, sur la colline, sur la tête, sur un cheval .<br />Sur la terre .<br />Tourner sur la gauche .<br />Il fait des recherches sur la plasticité du cerveau .<br />On ne peut juger sur les apparences .<br />Sur dix personnes consultées, huit nous ont donné leur avis .<br />Une pomme sure .<br />"
"l'eau","water","","","","",""
"sacrée","sacred","sacred, holy, sacral, religious, spiritual, blessed, solemn, cursed, mighty, blinking, bally, pestilent, pestilential","sacré, saint, religieux, sacral, intangible, saint, sacré, sacré, religieux, sacré, spirituel, religieux, sacré, béni, saint, sacré, solennel, grave, sérieux, sacré, maudit, sacré, satané, puissant, majestueux, imposant, énorme, formidable, sacré, clignotant, sacré, sacré, satané, pestilentiel, nuisible, sacré, pestilentiel, nuisible, sacré","saint, saint, saint, intangible, saint, angélique, sacre","Qui a un caractère religieux, qui concerne le culte divin.<br />Grand.<br />","Une sacrée chance .<br />"
"d'un","a","one's","d'un","un","",""
"fleuve","river","river, stream, flow","rivière, fleuve, coulée, courant, ruisseau, flot, jet, torrent, fleuve, flux, écoulement, circulation, courant, déroulement, fleuve","torrent, rivière, bord du fleuve, roman-fleuve","Cours d’eau important qui se jette dans la mer.<br />Interminable, sans fin.<br />","Le Saint-Laurent est un fleuve qui a sa source dans les Grands Lacs et qui se jette dans l’Atlantique .<br />Un film-fleuve, des discours-fleuves .<br />"
"indien","Indian","Indian","indien","Indien, été indien","Qui habite l’Inde.<br />Qui appartient aux populations autochtones de l’Amérique. En ce sens, on dit plutôt amérindien.<br />","Un citoyen indien .<br />"
"voyage, et jamais ne reviens","travel, and never come back","","","","",""
"jamais","never","never, ne'er, ever, not at all, little","jamais, jamais, jamais, toujours, déjà, sans cesse, dans tout le temps, pas du tout, jamais, de rien, peu, rarement, jamais","depuis, toujours, plus jamais, à jamais, presque jamais, ne jamais, jamais de la vie, à tout jamais, jamais plus, mieux que jamais","(Sens positif) En un temps quelconque, futur ou passé.<br />(Sens négatif) À aucun moment.<br />(Sens négatif) Pas, nullement.<br />","La plus jolie musique que j’aie jamais entendue .<br />Il ne joue jamais dehors .<br />Je me rends au travail à pied, jamais à vélo .<br />"
"ne","not","not","pas, non, ne, pas du tout, ne ... point, ne ... pas","non, pas, né, gastro-œsophagien, caucasien, amœbien, je ne sais pas, ne pas, Je ne sais pas., Je ne comprends pas., ne pas oublier, Je ne parle pas français., ne pas hésiter, ne pas faire, ça ne sert à rien, ne jamais","",""
"reviens","come back","","","revenir","",""
"sur le gange ou l'amazone","on the Ganges or the Amazon","","","","",""
"gange","Ganges","","","","",""
"ou","or","or","ou, ni","non plus, où, plus ou moins, ou bien, n'importe ou, tôt ou tard, tel ou tel, l'un ou l'autre, au moment ou, sauf erreur ou omission, d'une manière ou d'une autre, dans la mesure ou","Conjonction de coordination qui lie des mots ou des phrases de même catégorie.<br />","Boire du café ou du thé .<br />"
"l'amazone","the Amazon","","","","",""
"chez les blacks, chez les sickhs, chez les jaunes","among blacks, among sickhs, in yellow","","","","",""
"chez","at","in, among, to, amongst","dans, en, à, chez, dedans, au bout de, entre, parmi, chez, à, de, pour, vers, sur, chez, entre, parmi, chez, au milieu de","chez moi, chez toi, chez eux, chez soi, rentrer chez soi, Faites comme chez vous.","Dans la demeure de.<br />Dans la personne de.<br />Chez + nom propre. Cette construction s’emploie comme enseigne d’un établissement, comme raison sociale.<br />","Viens donc chez moi .<br />C’est une manie chez lui .<br />Chez Julien .<br />"
"blacks","blacks","","","","",""
"sickhs","sickhs","","","","",""
"jaunes","yellows","yellows","jaunes","jaune","",""
"voyage, voyage, dans tout le royaume","travel, travel, throughout the kingdom","","","","",""
"tout","all","all, any, every, entire, most important, all, very, in all, all up, all, whole, all, any, anything","tous, toutes, tout, toute, tout, quelconque, n'importe quel, chaque, tous, tout, tout, complet, total, intact, tout, tout, tout à fait, très, bien, tout, exactement, seul, effectivement, en tout, tout, en général, tout compris, généralement, en tout et pour tout, tout, tout, ensemble, tout, tout, tout, n'importe lequel, rien, tout, quelque chose, n'importe quoi","bien, partout, bien, complètement, directement, pleinement, tout à fait, intégralement, entièrement, parfaitement, totalement, en même temps, partout, n'importe où, abondance, rien, unité, totalité, femme de ménage, abondance, multitude, rien, personne, unité, totalité, ensemble, totalité, ensemble, femme de ménage, sportif, femme, fille, nettoyeuse, tout le monde, tout de suite, tout droit, tout seul, malgré tout, pas du tout, en tout cas, tout d'abord, tout de même, tout à fait","",""
"royaume","kingdom","kingdom, realm, stamping ground","royaume, monde, domaine, royaume, monde, lieu favori, royaume","règne, domaine, règne, domaine, région, monde, zone, domaine, règne, puissance, sphère","Pays à régime monarchique.<br />","Le royaume du Maroc .<br />"
"sur les dunes du sahara","on the dunes of the Sahara","","","","",""
"dunes","dunes","dene","dunes, vallée","dune","",""
"sahara","sahara","Sahara","Sahara","","",""
"des îles fidji au fujiyama","the Fiji Islands in fujiyama","","","","",""
"îles","he is","","","ile","",""
"fidji","Fiji","","","","",""
"fujiyama","fujiyama","","","","",""
"voyage, voyage, ne t'arrête pas","travel, travel, do not stop","","","","",""
"t'arrête","stop you","","","","",""
"pas","not","not, step, footstep, steps, pitch, pace, tread, move, foot, gauge, gage","pas, non, ne, pas du tout, ne ... point, ne ... pas, étape, pas, mesure, démarche, seuil, marchepied, pas, bruit de pas, empreinte, trace de pas, mesures, pas, escalier, pas, terrain, hauteur, tangage, brai, poix, rythme, allure, pas, vitesse, bande de roulement, semelle, pas, giron, chenille, bruit de pas, mouvement, déplacement, déménagement, passage, coup, pas, pied, bas, marche, patte, bout, pas, jauge, calibre, gabarit, pas, jauge, gage, calibre, gabarit, gant, pas","non, mauvais, non, ne, mauvais, empreinte, ruban, non, filetage, escalier, allure, rythme, enjambée, disposition, lancer, passage, empreinte, ruban, fil, non, rien, personne, filetage, fil, escalier, marche, échelon, baïonnette, allure, démarche, rythme, enjambée, disposition, étape, mesure, lancer, passage, démarche, coup, je ne sais pas, pas encore, pas mal, pas grave, pas du tout, pas de problème, pas bien, ne pas, pas cher, Je ne sais pas.","L’adverbe de négation est généralement précédé des particules de négation ne ou non.<br />Mouvement de mettre un pied devant l’autre pour marcher.<br />Façon de marcher.<br />Trace laissée par une personne en marchant.<br />Seuil.<br />","Elle ne viendra pas .<br />Il fait de grands pas, elle avance de quelques pas, puis revient sur ses pas .<br />Un pas cadencé, un pas de gymnastique .<br />Les enfants ont raconté avoir vu des pas dans la neige .<br />Sur le pas de la porte .<br />"
"au-dessus des barbelés, des cœurs bombardés","over barbed wire, bombarded hearts","","","","",""
"barbelés","barbed wire","barbed","barbelé, acéré","ronce artificielle, fil de fer barbelé, fil barbelé, fil de fer barbelé","Clôture de fil de fer barbelé.<br />Garni de pointes ou de dents.<br />","L’usage des barbelés est interdit .<br />"
"cœurs","hearts","hearts","cœurs","cœur","",""
"bombardés","bombed","bomb, bombard, pelt, shell, shell out, strafe, raid, blitz, peal, batter, throw questions","bombarder, bombarder, bombarder, cribler, courir à toute jambes, courir à fond, rosser, bombarder, écosser, décortiquer, pilonner, égrener, écailler, payer, bombarder, casquer, cracher, mitrailler au sol, marmiter, semoncer vertement, bombarder, punir, dévaliser, bombarder, faire un raid, faire une rafle dans, faire une hold-up, bombarder, carillonner, sonner, gronder, tinter, faire tinter, bombarder, battre, frapper, écraser, endommager, maltraiter, bombarder, bombarder","périmer, louper","Faire tomber des obus, des bombes sur un objectif.<br />Lancer de nombreux projectiles sur quelqu’un, quelque chose.<br />","On les bombarda de tomates .<br />"
"voyage, voyage","travel Travel","","","voyage","",""
